player_id,season_year,expected_primary_position,expected_eligible_positions,primary_position,eligible_positions
2000030178,2026,,,CB,CB
2000005009,2026,,,CAM,CAM|RM|CM|RW
2000005013,2026,,,ST,ST
2000005001,2026,,,GK,GK
2000005015,2026,,,ST,ST
2000005024,2026,,,RM,RM|RW
2000005016,2026,,,RM,RM|LM|CAM|RW
2000005010,2026,,,LM,LM|LW
2000005008,2026,,,ST,ST|CAM
2000005011,2026,,,CM,CM
2000005014,2026,,,LB,LB|CB|CM
2000005022,2026,,,CB,CB|RB
2000005006,2026,,,CB,CB
2000005019,2026,,,RB,RB|CM
2000005002,2026,,,RB,RB|RM
2000005005,2026,,,CB,CB
2000005023,2026,,,GK,GK
2000005018,2026,,,CM,CM
2000005012,2026,,,CAM,CAM|LM|CM|LW
2000005007,2026,,,RM,RM|LM|RW|LW
2000005020,2026,,,LB,LB|LM
2000005017,2026,,,RB,RB|CM
2000005025,2026,,,CM,CM
2000030177,2026,,,ST,ST
2000005004,2026,,,CM,CM
2000005003,2026,,,CB,CB
2000030027,2026,,,LB,LB|LM
2000030015,2026,,,GK,GK
2000030017,2026,,,CM,CM|CB|RB
2000030104,2026,,,CB,CB
156428,2026,,,GK,GK
2000030251,2026,,,CM,CM|CAM
2000030025,2026,,,CM,CM|CAM
30435,2026,,,CM,CM|RW|CAM|RM
2000030016,2026,,,LB,LB|LM
2000030018,2026,,,ST,ST
2000030020,2026,,,CM,CM|CAM
2000030028,2026,,,CB,CB
2000030247,2026,,,CB,CB
2000030022,2026,,,CM,CM|CAM
2000030026,2026,,,CB,CB
2000030102,2026,,,GK,GK
2000030024,2026,,,CM,CM|CAM
152849,2026,,,CB,CB|LB
15911,2026,,,RM,RM|RW|ST|CAM
63577,2026,,,LM,LM|LW
2000030107,2026,,,LW,LW|ST|LM|CAM
47519,2026,,,RB,RB|RM
2000030023,2026,,,CM,CM
2000030100,2026,,,CM,CM
2000030246,2026,,,RW,RW|LW|RM|LM
19145,2026,,,CB,CB
2000030250,2026,,,LM,LM|LW|RM|RW
2000030249,2026,,,CAM,CAM|LM|LW|ST
