player_id,club_id,nationality,birth_date,height_cm,preferred_foot,shirt_number,fc27_overall
18846,1000000058,DR Congo,1997-11-26,183,RIGHT,29,78
162714,1000000058,Belgium,2001-08-16,195,BOTH,24,81
2000030145,1000000058,Spain,2003-02-07,183,RIGHT,21,73
2000030122,1000000058,France,1999-11-23,184,RIGHT,8,84
2000030126,1000000058,England,2008-03-04,169,RIGHT,27,65
2000030148,1000000058,England,2009-01-12,193,RIGHT,39,65
2000030061,1000000058,Argentina,1996-12-25,170,RIGHT,10,80
2000030123,1000000058,England,2007-03-04,182,BOTH,53,65
2000030064,1000000058,Netherlands,2002-03-10,178,LEFT,22,79
2000030150,1000000058,Senegal,2008-01-24,175,BOTH,19,76
2000030151,1000000058,England,2004-12-02,188,RIGHT,42,
2000030057,1000000058,Brazil,2001-02-12,176,RIGHT,35,78
2000030146,1000000058,Switzerland,2005-10-14,182,RIGHT,44,80
2000030059,1000000058,Scotland,1994-10-18,178,LEFT,7,83
2000030067,1000000058,Netherlands,2004-01-05,183,RIGHT,26,74
2000030149,1000000058,Germany,1995-02-06,189,RIGHT,27,
2000030069,1000000058,Netherlands,1991-03-10,194,RIGHT,40,77
2000030063,1000000058,Italy,2002-07-11,187,LEFT,13,78
2000030058,1000000058,Poland,1997-08-07,185,RIGHT,2,81
283058,1000000058,Senegal,2001-06-20,186,RIGHT,11,79
2000030066,1000000058,Spain,1997-01-16,192,LEFT,14,81
2000030068,1000000058,England,1993-12-05,188,RIGHT,6,77
2000030147,1000000058,England,1997-10-02,195,RIGHT,18,77
144729,1000000058,England,2002-01-29,188,RIGHT,4,75
2000030065,1000000058,England,1993-03-13,195,LEFT,5,77
2000030056,1000000058,Sweden,1994-07-17,187,RIGHT,3,77
2000030124,1000000058,Japan,2002-08-21,189,RIGHT,1,76
