fixture_id,match_date,club,role,player_id,name,source_name,statmuse_player_id,id_note
1000560555,2026-08-28,Crystal Palace FC,STARTER,2000020100,Dean Henderson,Dean Henderson,1561,EXISTING_ID
1000560555,2026-08-28,Crystal Palace FC,STARTER,2000020101,Eddie Nketiah,Eddie Nketiah,1748,EXISTING_ID
1000560555,2026-08-28,Crystal Palace FC,STARTER,2000020108,Takehiro Tomiyasu,Takehiro Tomiyasu,6128,EXISTING_ID
1000560555,2026-08-28,Crystal Palace FC,STARTER,2000020103,Tyrick Mitchell,Tyrick Mitchell,6393,EXISTING_ID
1000560555,2026-08-28,Crystal Palace FC,STARTER,2000020099,Chris Richards,Chris Richards,6907,EXISTING_ID
1000560555,2026-08-28,Crystal Palace FC,STARTER,2000020098,Adam Wharton,Adam Wharton,7594,EXISTING_ID
1000560555,2026-08-28,Crystal Palace FC,STARTER,2000020106,Jørgen Strand Larsen,Jørgen Strand Larsen,7694,EXISTING_ID
1000560555,2026-08-28,Crystal Palace FC,STARTER,2000020105,Yéremy Pino,Yeremi Pino,8218,EXISTING_ID
1000560555,2026-08-28,Crystal Palace FC,STARTER,2000016001,Daichi Kamada,Daichi Kamada,23462,EXISTING_ID
1000560555,2026-08-28,Crystal Palace FC,STARTER,2000020096,Jaydee Canvot,Jaydee Canvot,47166,EXISTING_ID
1000560555,2026-08-28,Crystal Palace FC,STARTER,2000016002,Anan Khalaili,Anan Khalaili,51493,EXISTING_ID
1000560555,2026-08-28,Crystal Palace FC,SUB_USED,2000020097,Dwight McNeil,Dwight McNeil,1727,EXISTING_ID
1000560555,2026-08-28,Crystal Palace FC,SUB_USED,2000030182,Axel Disasi,Axel Disasi,6892,EXISTING_ID
1000560555,2026-08-28,Crystal Palace FC,SUB_USED,2000020116,Óscar Mingueza,Óscar Mingueza,8240,EXISTING_ID
1000560555,2026-08-28,Crystal Palace FC,SUB_USED,2000020107,Evann Guessand,Evann Guessand,46126,EXISTING_ID
1000560555,2026-08-28,Crystal Palace FC,SUB_USED,2000030185,Zavier Gozo,Zavier Gozo,64894,EXISTING_ID
1000560555,2026-08-28,Crystal Palace FC,SUB_UNUSED,2490,Jefferson Lerma,Jefferson Lerma,2863,EXISTING_ID
1000560555,2026-08-28,Crystal Palace FC,SUB_UNUSED,2000020117,Will Hughes,Will Hughes,6518,EXISTING_ID
1000560555,2026-08-28,Crystal Palace FC,SUB_UNUSED,2000020095,Daniel Muñoz,Daniel Muñoz,7582,EXISTING_ID
1000560555,2026-08-28,Crystal Palace FC,SUB_UNUSED,2000020114,Walter Benítez,Walter Benítez,45753,EXISTING_ID
1000560555,2026-08-28,Manchester City FC,STARTER,2000004003,Elliot Anderson,Elliot Anderson,1791,EXISTING_ID
1000560555,2026-08-28,Manchester City FC,STARTER,2000004004,Marc Guehi,Marc Guéhi,3952,EXISTING_ID
1000560555,2026-08-28,Manchester City FC,STARTER,2000004022,Phil Foden,Phil Foden,5138,EXISTING_ID
1000560555,2026-08-28,Manchester City FC,STARTER,2000004002,Ruben Dias,Rúben Dias,5509,EXISTING_ID
1000560555,2026-08-28,Manchester City FC,STARTER,2000004020,Antoine Semenyo,Antoine Semenyo,6821,EXISTING_ID
1000560555,2026-08-28,Manchester City FC,STARTER,2000004014,Josko Gvardiol,Joško Gvardiol,6959,EXISTING_ID
1000560555,2026-08-28,Manchester City FC,STARTER,2000004007,Erling Haaland,Erling Haaland,6965,EXISTING_ID
1000560555,2026-08-28,Manchester City FC,STARTER,2000004018,Nico O'Reilly,Nico O’Reilly,7250,EXISTING_ID
1000560555,2026-08-28,Manchester City FC,STARTER,2000004021,Abdukodir Khusanov,Abdukodir Khusanov,23758,EXISTING_ID
1000560555,2026-08-28,Manchester City FC,STARTER,2000004001,Gianluigi Donnarumma,Gianluigi Donnarumma,40225,EXISTING_ID
1000560555,2026-08-28,Manchester City FC,STARTER,2000004008,Rayan Cherki,Rayan Cherki,46137,EXISTING_ID
1000560555,2026-08-28,Manchester City FC,SUB_USED,2000004006,Mateo Kovacic,Mateo Kovačić,4206,EXISTING_ID
1000560555,2026-08-28,Manchester City FC,SUB_USED,2000004024,Kaden Braithwaite,Kaden Braithwaite,23612,EXISTING_ID
1000560555,2026-08-28,Manchester City FC,SUB_USED,2000004013,Vitor Reis,Vitor Reis,23760,EXISTING_ID
1000560555,2026-08-28,Manchester City FC,SUB_USED,2000004017,Ayyoub Bouaddi,Ayyoub Bouaddi,46758,EXISTING_ID
1000560555,2026-08-28,Manchester City FC,SUB_USED,2000004023,Ryan McAidoo,Ryan Mcaidoo,63827,EXISTING_ID
1000560555,2026-08-28,Manchester City FC,SUB_UNUSED,2000004016,Geronimo Rulli,Géronimo Rulli,2216,EXISTING_ID
1000560555,2026-08-28,Manchester City FC,SUB_UNUSED,2000004012,Rayan Ait-Nouri,Rayan Aït-Nouri,5250,EXISTING_ID
1000560555,2026-08-28,Manchester City FC,SUB_UNUSED,2000004025,Rico Lewis,Rico Lewis,6962,EXISTING_ID
1000560555,2026-08-28,Manchester City FC,SUB_UNUSED,2000030256,Claudio Echeverri,Claudio Echeverri,7575,NEW_ID_PROVISIONAL
1000560552,2026-08-29,Liverpool FC,STARTER,2000003010,Alexis Mac Allister,Alexis Mac Allister,261,EXISTING_ID
1000560552,2026-08-29,Liverpool FC,STARTER,2000003001,Alisson Becker,Alisson,281,EXISTING_ID
1000560552,2026-08-29,Liverpool FC,STARTER,2000003004,Virgil van Dijk,Virgil van Dijk,6454,EXISTING_ID
1000560552,2026-08-29,Liverpool FC,STARTER,2000003006,Milos Kerkez,Milos Kerkez,6809,EXISTING_ID
1000560552,2026-08-29,Liverpool FC,STARTER,2000003008,Dominik Szoboszlai,Dominik Szoboszlai,6937,EXISTING_ID
1000560552,2026-08-29,Liverpool FC,STARTER,2000003011,Cody Gakpo,Cody Gakpo,6939,EXISTING_ID
1000560552,2026-08-29,Liverpool FC,STARTER,2000003009,Alexander Isak,Alexander Isak,6988,EXISTING_ID
1000560552,2026-08-29,Liverpool FC,STARTER,2000003014,Victor Munoz,Víctor Muñoz,23717,EXISTING_ID
1000560552,2026-08-29,Liverpool FC,STARTER,2000003007,Florian Wirtz,Florian Wirtz,28647,EXISTING_ID
1000560552,2026-08-29,Liverpool FC,STARTER,2000003018,Jeremie Frimpong,Jeremie Frimpong,28705,EXISTING_ID
1000560552,2026-08-29,Liverpool FC,STARTER,2000003005,Jeremy Jacquet,Jérémy Jacquet,46559,EXISTING_ID
1000560552,2026-08-29,Liverpool FC,SUB_USED,2000003012,Kostas Tsimikas,Kostas Tsimikas,3552,EXISTING_ID
1000560552,2026-08-29,Liverpool FC,SUB_USED,2000003020,Ryan Gravenberch,Ryan Gravenberch,6934,EXISTING_ID
1000560552,2026-08-29,Liverpool FC,SUB_USED,2000003021,Trey Nyoni,Trey Nyoni,7533,EXISTING_ID
1000560552,2026-08-29,Liverpool FC,SUB_USED,2000003019,Ronald Araujo,Ronald Araújo,8159,EXISTING_ID
1000560552,2026-08-29,Liverpool FC,SUB_USED,2000003024,Rio Ngumoha,Rio Ngumoha,23719,EXISTING_ID
1000560552,2026-08-29,Liverpool FC,SUB_UNUSED,2000003003,Wataru Endo,Wataru Endō,6935,EXISTING_ID
1000560552,2026-08-29,Liverpool FC,SUB_UNUSED,2000003022,James McConnell,James McConnell,6936,EXISTING_ID
1000560552,2026-08-29,Liverpool FC,SUB_UNUSED,2000003023,Lewis Koumas,Lewis Koumas,7549,EXISTING_ID
1000560552,2026-08-29,Liverpool FC,SUB_UNUSED,2000003015,Giorgi Mamardashvili,Giorgi Mamardashvili,7639,EXISTING_ID
1000560552,2026-08-29,Nottingham Forest FC,STARTER,2000013001,James McAtee,James Mcatee,2674,EXISTING_ID
1000560552,2026-08-29,Nottingham Forest FC,STARTER,2000020052,Matz Sels,Matz Sels,4312,EXISTING_ID
1000560552,2026-08-29,Nottingham Forest FC,STARTER,2000020055,Morgan Gibbs-White,Morgan Gibbs-White,4551,EXISTING_ID
1000560552,2026-08-29,Nottingham Forest FC,STARTER,2000020053,Neco Williams,Neco Williams,4644,EXISTING_ID
1000560552,2026-08-29,Nottingham Forest FC,STARTER,2000020060,Ola Aina,Ola Aina,4810,EXISTING_ID
1000560552,2026-08-29,Nottingham Forest FC,STARTER,2000013002,Murillo,Murillo,7002,EXISTING_ID
1000560552,2026-08-29,Nottingham Forest FC,STARTER,2000020057,Nikola Milenković,Nikola Milenković,23483,EXISTING_ID
1000560552,2026-08-29,Nottingham Forest FC,STARTER,2000020063,Xaver Schlager,Xaver Schlager,28652,EXISTING_ID
1000560552,2026-08-29,Nottingham Forest FC,STARTER,2000020058,Dan Ndoye,Dan Ndoye,41528,EXISTING_ID
1000560552,2026-08-29,Nottingham Forest FC,STARTER,2000020056,Igor Jesus,Igor Jesus,61243,EXISTING_ID
1000560552,2026-08-29,Nottingham Forest FC,STARTER,2000020059,Jair,Jair Cunha,63112,EXISTING_ID
1000560552,2026-08-29,Nottingham Forest FC,SUB_USED,2000020077,Callum Hudson-Odoi,Callum Hudson-Odoi,832,EXISTING_ID
1000560552,2026-08-29,Nottingham Forest FC,SUB_USED,161948,Liam Delap,Liam Delap,3765,EXISTING_ID
1000560552,2026-08-29,Nottingham Forest FC,SUB_USED,2000020076,Nicolás Domínguez,Nicolás Domínguez,7003,EXISTING_ID
1000560552,2026-08-29,Nottingham Forest FC,SUB_USED,2000020062,Luca Netz,Luca Netz,28661,EXISTING_ID
1000560552,2026-08-29,Nottingham Forest FC,SUB_UNUSED,2000020061,Chris Wood,Chris Wood,1031,EXISTING_ID
1000560552,2026-08-29,Nottingham Forest FC,SUB_UNUSED,19305,Ryan Yates,Ryan Yates,6994,EXISTING_ID
1000560552,2026-08-29,Nottingham Forest FC,SUB_UNUSED,2000020075,Zach Abbott,Zach Abbott,7265,EXISTING_ID
1000560552,2026-08-29,Nottingham Forest FC,SUB_UNUSED,2000020074,Ousmane Diomande,Ousmane Diomandé,51532,EXISTING_ID
1000560552,2026-08-29,Nottingham Forest FC,SUB_UNUSED,2000020073,John Victor,John,63514,EXISTING_ID
