season,club_id,player_id,name,fantasy_position,start_date,end_date
2026,1000000354,2000020100,Dean Henderson,GK,2026-08-28,2026-08-29
2026,1000000354,2000020101,Eddie Nketiah,FWD,2026-08-28,2026-08-29
2026,1000000354,2000020108,Takehiro Tomiyasu,DEF,2026-08-28,2026-08-29
2026,1000000354,2000020103,Tyrick Mitchell,MID,2026-08-28,2026-08-29
2026,1000000354,2000020099,Chris Richards,DEF,2026-08-28,2026-08-29
2026,1000000354,2000020098,Adam Wharton,MID,2026-08-28,2026-08-29
2026,1000000354,2000020106,Jørgen Strand Larsen,FWD,2026-08-28,2026-08-29
2026,1000000354,2000020105,Yéremy Pino,FWD,2026-08-28,2026-08-29
2026,1000000354,2000016001,Daichi Kamada,MID,2026-08-28,2026-08-29
2026,1000000354,2000020096,Jaydee Canvot,DEF,2026-08-28,2026-08-29
2026,1000000354,2000016002,Anan Khalaili,MID,2026-08-28,2026-08-29
2026,1000000354,2000020097,Dwight McNeil,MID,2026-08-28,2026-08-29
2026,1000000354,2000030182,Axel Disasi,DEF,2026-08-28,2026-08-29
2026,1000000354,2000020116,Óscar Mingueza,MID,2026-08-28,2026-08-29
2026,1000000354,2000020107,Evann Guessand,FWD,2026-08-28,2026-08-29
2026,1000000354,2000030185,Zavier Gozo,MID,2026-08-28,2026-08-29
2026,1000000354,2490,Jefferson Lerma,MID,2026-08-28,2026-08-29
2026,1000000354,2000020117,Will Hughes,MID,2026-08-28,2026-08-29
2026,1000000354,2000020095,Daniel Muñoz,MID,2026-08-28,2026-08-29
2026,1000000354,2000020114,Walter Benítez,GK,2026-08-28,2026-08-29
2026,1000000065,2000004003,Elliot Anderson,MID,2026-08-28,2026-08-29
2026,1000000065,2000004004,Marc Guehi,DEF,2026-08-28,2026-08-29
2026,1000000065,2000004022,Phil Foden,MID,2026-08-28,2026-08-29
2026,1000000065,2000004002,Ruben Dias,DEF,2026-08-28,2026-08-29
2026,1000000065,2000004020,Antoine Semenyo,MID,2026-08-28,2026-08-29
2026,1000000065,2000004014,Josko Gvardiol,DEF,2026-08-28,2026-08-29
2026,1000000065,2000004007,Erling Haaland,FWD,2026-08-28,2026-08-29
2026,1000000065,2000004018,Nico O'Reilly,DEF,2026-08-28,2026-08-29
2026,1000000065,2000004021,Abdukodir Khusanov,DEF,2026-08-28,2026-08-29
2026,1000000065,2000004001,Gianluigi Donnarumma,GK,2026-08-28,2026-08-29
2026,1000000065,2000004008,Rayan Cherki,MID,2026-08-28,2026-08-29
2026,1000000065,2000004006,Mateo Kovacic,MID,2026-08-28,2026-08-29
2026,1000000065,2000004024,Kaden Braithwaite,DEF,2026-08-28,2026-08-29
2026,1000000065,2000004013,Vitor Reis,DEF,2026-08-28,2026-08-29
2026,1000000065,2000004017,Ayyoub Bouaddi,MID,2026-08-28,2026-08-29
2026,1000000065,2000004023,Ryan McAidoo,MID,2026-08-28,2026-08-29
2026,1000000065,2000004016,Geronimo Rulli,GK,2026-08-28,2026-08-29
2026,1000000065,2000004012,Rayan Ait-Nouri,DEF,2026-08-28,2026-08-29
2026,1000000065,2000004025,Rico Lewis,DEF,2026-08-28,2026-08-29
2026,1000000065,2000030256,Claudio Echeverri,MID,2026-08-28,2026-08-29
2026,1000000064,2000003010,Alexis Mac Allister,MID,2026-08-29,2026-08-30
2026,1000000064,2000003001,Alisson Becker,GK,2026-08-29,2026-08-30
2026,1000000064,2000003004,Virgil van Dijk,DEF,2026-08-29,2026-08-30
2026,1000000064,2000003006,Milos Kerkez,DEF,2026-08-29,2026-08-30
2026,1000000064,2000003008,Dominik Szoboszlai,MID,2026-08-29,2026-08-30
2026,1000000064,2000003011,Cody Gakpo,MID,2026-08-29,2026-08-30
2026,1000000064,2000003009,Alexander Isak,FWD,2026-08-29,2026-08-30
2026,1000000064,2000003014,Victor Munoz,MID,2026-08-29,2026-08-30
2026,1000000064,2000003007,Florian Wirtz,MID,2026-08-29,2026-08-30
2026,1000000064,2000003018,Jeremie Frimpong,DEF,2026-08-29,2026-08-30
2026,1000000064,2000003005,Jeremy Jacquet,DEF,2026-08-29,2026-08-30
2026,1000000064,2000003012,Kostas Tsimikas,DEF,2026-08-29,2026-08-30
2026,1000000064,2000003020,Ryan Gravenberch,MID,2026-08-29,2026-08-30
2026,1000000064,2000003021,Trey Nyoni,MID,2026-08-29,2026-08-30
2026,1000000064,2000003019,Ronald Araujo,DEF,2026-08-29,2026-08-30
2026,1000000064,2000003024,Rio Ngumoha,MID,2026-08-29,2026-08-30
2026,1000000064,2000003003,Wataru Endo,MID,2026-08-29,2026-08-30
2026,1000000064,2000003022,James McConnell,MID,2026-08-29,2026-08-30
2026,1000000064,2000003023,Lewis Koumas,MID,2026-08-29,2026-08-30
2026,1000000064,2000003015,Giorgi Mamardashvili,GK,2026-08-29,2026-08-30
2026,1000000351,2000013001,James McAtee,MID,2026-08-29,2026-08-30
2026,1000000351,2000020052,Matz Sels,GK,2026-08-29,2026-08-30
2026,1000000351,2000020055,Morgan Gibbs-White,MID,2026-08-29,2026-08-30
2026,1000000351,2000020053,Neco Williams,DEF,2026-08-29,2026-08-30
2026,1000000351,2000020060,Ola Aina,MID,2026-08-29,2026-08-30
2026,1000000351,2000013002,Murillo,DEF,2026-08-29,2026-08-30
2026,1000000351,2000020057,Nikola Milenković,DEF,2026-08-29,2026-08-30
2026,1000000351,2000020063,Xaver Schlager,MID,2026-08-29,2026-08-30
2026,1000000351,2000020058,Dan Ndoye,MID,2026-08-29,2026-08-30
2026,1000000351,2000020056,Igor Jesus,FWD,2026-08-29,2026-08-30
2026,1000000351,2000020059,Jair,DEF,2026-08-29,2026-08-30
2026,1000000351,2000020077,Callum Hudson-Odoi,MID,2026-08-29,2026-08-30
2026,1000000351,161948,Liam Delap,FWD,2026-08-29,2026-08-30
2026,1000000351,2000020076,Nicolás Domínguez,MID,2026-08-29,2026-08-30
2026,1000000351,2000020062,Luca Netz,DEF,2026-08-29,2026-08-30
2026,1000000351,2000020061,Chris Wood,FWD,2026-08-29,2026-08-30
2026,1000000351,19305,Ryan Yates,MID,2026-08-29,2026-08-30
2026,1000000351,2000020075,Zach Abbott,DEF,2026-08-29,2026-08-30
2026,1000000351,2000020074,Ousmane Diomande,DEF,2026-08-29,2026-08-30
2026,1000000351,2000020073,John Victor,GK,2026-08-29,2026-08-30
