fixture_id,club,player_id,sofascore_player_id,source_name,rating
1000560555,Crystal Palace FC,2000020100,788134,Dean Henderson,6.7
1000560555,Crystal Palace FC,2000020101,858194,Eddie Nketiah,6.3
1000560555,Crystal Palace FC,2000020108,804434,Takehiro Tomiyasu,5.7
1000560555,Crystal Palace FC,2000020103,988275,Tyrick Mitchell,6.6
1000560555,Crystal Palace FC,2000020099,931844,Chris Richards,5.9
1000560555,Crystal Palace FC,2000020098,1109771,Adam Wharton,7.2
1000560555,Crystal Palace FC,2000020106,876599,Jørgen Strand Larsen,7.6
1000560555,Crystal Palace FC,2000020105,984624,Yéremy Pino,6.9
1000560555,Crystal Palace FC,2000016001,794338,Daichi Kamada,7.3
1000560555,Crystal Palace FC,2000020096,1471671,Jaydee Canvot,6.3
1000560555,Crystal Palace FC,2000016002,1403362,Anan Khalaili,7.5
1000560555,Crystal Palace FC,2000020097,935543,Dwight McNeil,6.4
1000560555,Crystal Palace FC,2000030182,827243,Axel Disasi,6.5
1000560555,Crystal Palace FC,2000020116,859773,Óscar Mingueza,6.3
1000560555,Crystal Palace FC,2000020107,930245,Evann Guessand,6.4
1000560555,Crystal Palace FC,2000030185,1578999,Zavier Gozo,6.3
1000560555,Crystal Palace FC,2490,355796,Jefferson Lerma,
1000560555,Crystal Palace FC,2000020117,193554,Will Hughes,
1000560555,Crystal Palace FC,2000020095,870360,Daniel Muñoz,
1000560555,Crystal Palace FC,2000020114,249859,Walter Benítez,
1000560555,Manchester City FC,2000004003,994546,Elliot Anderson,7.7
1000560555,Manchester City FC,2000004004,877994,Marc Guéhi,7.6
1000560555,Manchester City FC,2000004022,859765,Phil Foden,6.9
1000560555,Manchester City FC,2000004002,318941,Rúben Dias,7.6
1000560555,Manchester City FC,2000004020,934354,Antoine Semenyo,6.3
1000560555,Manchester City FC,2000004014,964994,Joško Gvardiol,6.6
1000560555,Manchester City FC,2000004007,839956,Erling Haaland,8.2
1000560555,Manchester City FC,2000004018,1142703,Nico O'Reilly,6.3
1000560555,Manchester City FC,2000004021,1194333,Abdukodir Khusanov,7.1
1000560555,Manchester City FC,2000004001,824509,Gianluigi Donnarumma,6.3
1000560555,Manchester City FC,2000004008,979128,Rayan Cherki,8.6
1000560555,Manchester City FC,2000004006,136710,Mateo Kovačić,6.6
1000560555,Manchester City FC,2000004024,1899484,Kaden Braithwaite,
1000560555,Manchester City FC,2000004013,1485300,Vitor Reis,
1000560555,Manchester City FC,2000004017,1564180,Ayyoub Bouaddi,7.0
1000560555,Manchester City FC,2000004023,1826151,Ryan McAidoo,6.5
1000560555,Manchester City FC,2000004016,128383,Gerónimo Rulli,
1000560555,Manchester City FC,2000004012,931278,Rayan Aït-Nouri,
1000560555,Manchester City FC,2000004025,1136731,Rico Lewis,
1000560555,Manchester City FC,2000030256,1482424,Claudio Echeverri,
1000560552,Liverpool FC,2000003010,895324,Alexis Mac Allister,7.2
1000560552,Liverpool FC,2000003001,243609,Alisson,6.1
1000560552,Liverpool FC,2000003004,151545,Virgil van Dijk,7.2
1000560552,Liverpool FC,2000003006,1097425,Miloš Kerkez,6.5
1000560552,Liverpool FC,2000003008,869856,Dominik Szoboszlai,7.1
1000560552,Liverpool FC,2000003011,862967,Cody Gakpo,7.3
1000560552,Liverpool FC,2000003009,823941,Alexander Isak,7.2
1000560552,Liverpool FC,2000003014,1145642,Víctor Muñoz,7.4
1000560552,Liverpool FC,2000003007,1019322,Florian Wirtz,6.4
1000560552,Liverpool FC,2000003018,970361,Jeremie Frimpong,6.2
1000560552,Liverpool FC,2000003005,1445625,Jérémy Jacquet,8.2
1000560552,Liverpool FC,2000003012,786259,Kostas Tsimikas,6.9
1000560552,Liverpool FC,2000003020,904897,Ryan Gravenberch,6.6
1000560552,Liverpool FC,2000003021,1445945,Trey Nyoni,6.7
1000560552,Liverpool FC,2000003019,925097,Ronald Araújo,7.0
1000560552,Liverpool FC,2000003024,1881902,Rio Ngumoha,6.5
1000560552,Liverpool FC,2000003003,143040,Wataru Endo,
1000560552,Liverpool FC,2000003022,1138428,James McConnell,
1000560552,Liverpool FC,2000003023,1403111,Lewis Koumas,
1000560552,Liverpool FC,2000003015,930997,Giorgi Mamardashvili,
1000560552,Nottingham Forest FC,2000013001,1003334,James McAtee,6.7
1000560552,Nottingham Forest FC,2000020052,78152,Matz Sels,7.0
1000560552,Nottingham Forest FC,2000020055,865912,Morgan Gibbs-White,7.6
1000560552,Nottingham Forest FC,2000020053,927356,Neco Williams,8.9
1000560552,Nottingham Forest FC,2000020060,800417,Ola Aina,7.1
1000560552,Nottingham Forest FC,2000013002,1199282,Murillo,6.4
1000560552,Nottingham Forest FC,2000020057,836168,Nikola Milenković,6.4
1000560552,Nottingham Forest FC,2000020063,791079,Xaver Schlager,7.1
1000560552,Nottingham Forest FC,2000020058,944327,Dan Ndoye,7.7
1000560552,Nottingham Forest FC,2000020056,981619,Igor Jesus,6.5
1000560552,Nottingham Forest FC,2000020059,1170722,Jair,6.7
1000560552,Nottingham Forest FC,2000020077,867442,Callum Hudson Odoi,
1000560552,Nottingham Forest FC,161948,997087,Liam Delap,6.4
1000560552,Nottingham Forest FC,2000020076,871765,Nicolás Domínguez,
1000560552,Nottingham Forest FC,2000020062,979144,Luca Netz,6.7
1000560552,Nottingham Forest FC,2000020061,50480,Chris Wood,
1000560552,Nottingham Forest FC,19305,846252,Ryan Yates,
1000560552,Nottingham Forest FC,2000020075,1390490,Zach Abbott,
1000560552,Nottingham Forest FC,2000020074,1394342,Ousmane Diomande,
1000560552,Nottingham Forest FC,2000020073,840103,John Victor,
