fixture_id,gameweek,date,club_id,club,formation_missing,roles_missing,positions_missing,requested_source
1000560542,1,2026-08-21,1000000057,Arsenal FC,1,1,1,SofaScore Lineups
1000560542,1,2026-08-21,1000001076,Coventry City FC,1,1,1,SofaScore Lineups
1000560543,1,2026-08-22,1000000322,Hull City AFC,1,1,1,SofaScore Lineups
1000560543,1,2026-08-22,1000000066,Manchester United FC,1,1,1,SofaScore Lineups
1000560544,1,2026-08-22,1000000349,Ipswich Town FC,1,1,1,SofaScore Lineups
1000560544,1,2026-08-22,1000000071,Sunderland AFC,1,1,1,SofaScore Lineups
1000560545,1,2026-08-22,1000000351,Nottingham Forest FC,1,1,1,SofaScore Lineups
1000560545,1,2026-08-22,1000000341,Leeds United FC,1,1,1,SofaScore Lineups
1000560546,1,2026-08-22,1000000062,Everton FC,1,1,1,SofaScore Lineups
1000560546,1,2026-08-22,1000000354,Crystal Palace FC,1,1,1,SofaScore Lineups
1000560547,1,2026-08-22,1000000402,Brentford FC,1,1,1,SofaScore Lineups
1000560547,1,2026-08-22,1000000073,Tottenham Hotspur FC,1,1,1,SofaScore Lineups
1000560548,1,2026-08-23,1000000065,Manchester City FC,1,1,1,SofaScore Lineups
1000560548,1,2026-08-23,1000001044,AFC Bournemouth,1,1,1,SofaScore Lineups
1000560549,1,2026-08-23,1000000397,Brighton & Hove Albion FC,1,1,1,SofaScore Lineups
1000560549,1,2026-08-23,1000000058,Aston Villa FC,1,1,1,SofaScore Lineups
1000560550,1,2026-08-23,1000000067,Newcastle United FC,1,1,1,SofaScore Lineups
1000560550,1,2026-08-23,1000000064,Liverpool FC,1,1,1,SofaScore Lineups
1000560551,1,2026-08-24,1000000063,Fulham FC,1,1,1,SofaScore Lineups
1000560551,1,2026-08-24,1000000061,Chelsea FC,1,1,1,SofaScore Lineups
1000560552,2,2026-08-29,1000000064,Liverpool FC,1,0,1,SofaScore Lineups
1000560552,2,2026-08-29,1000000351,Nottingham Forest FC,1,0,1,SofaScore Lineups
1000560553,2,2026-08-30,1000000066,Manchester United FC,1,0,1,SofaScore Lineups
1000560553,2,2026-08-30,1000000349,Ipswich Town FC,1,0,1,SofaScore Lineups
1000560554,2,2026-08-30,1000000071,Sunderland AFC,1,0,1,SofaScore Lineups
1000560554,2,2026-08-30,1000000063,Fulham FC,1,0,1,SofaScore Lineups
1000560555,2,2026-08-28,1000000354,Crystal Palace FC,1,0,1,SofaScore Lineups
1000560555,2,2026-08-28,1000000065,Manchester City FC,1,0,1,SofaScore Lineups
1000560556,2,2026-08-30,1000000061,Chelsea FC,1,0,1,SofaScore Lineups
1000560556,2,2026-08-30,1000000397,Brighton & Hove Albion FC,1,0,1,SofaScore Lineups
1000560557,2,2026-08-31,1000000058,Aston Villa FC,1,0,1,SofaScore Lineups
1000560557,2,2026-08-31,1000000057,Arsenal FC,1,0,1,SofaScore Lineups
1000560558,2,2026-08-29,1000000073,Tottenham Hotspur FC,1,0,1,SofaScore Lineups
1000560558,2,2026-08-29,1000000067,Newcastle United FC,1,0,1,SofaScore Lineups
1000560559,2,2026-08-30,1000000341,Leeds United FC,1,0,1,SofaScore Lineups
1000560559,2,2026-08-30,1000000402,Brentford FC,1,0,1,SofaScore Lineups
1000560560,2,2026-08-29,1000001044,AFC Bournemouth,1,0,1,SofaScore Lineups
1000560560,2,2026-08-29,1000000062,Everton FC,1,0,1,SofaScore Lineups
1000560561,2,2026-08-29,1000001076,Coventry City FC,1,0,1,SofaScore Lineups
1000560561,2,2026-08-29,1000000322,Hull City AFC,1,0,1,SofaScore Lineups
1000560562,3,2026-09-05,1000000351,Nottingham Forest FC,1,0,1,SofaScore Lineups
1000560562,3,2026-09-05,1000000073,Tottenham Hotspur FC,1,0,1,SofaScore Lineups
1000560563,3,2026-09-05,1000000065,Manchester City FC,1,0,1,SofaScore Lineups
1000560563,3,2026-09-05,1000001076,Coventry City FC,1,0,1,SofaScore Lineups
1000560564,3,2026-09-05,1000000397,Brighton & Hove Albion FC,1,0,1,SofaScore Lineups
1000560564,3,2026-09-05,1000000341,Leeds United FC,1,0,1,SofaScore Lineups
1000560565,3,2026-09-05,1000000402,Brentford FC,1,0,1,SofaScore Lineups
1000560565,3,2026-09-05,1000000071,Sunderland AFC,1,0,1,SofaScore Lineups
1000560566,3,2026-09-04,1000000349,Ipswich Town FC,1,0,1,SofaScore Lineups
1000560566,3,2026-09-04,1000000064,Liverpool FC,1,0,1,SofaScore Lineups
1000560567,3,2026-09-06,1000000062,Everton FC,1,0,1,SofaScore Lineups
1000560567,3,2026-09-06,1000000066,Manchester United FC,1,0,1,SofaScore Lineups
1000560568,3,2026-09-05,1000000063,Fulham FC,1,0,1,SofaScore Lineups
1000560568,3,2026-09-05,1000000354,Crystal Palace FC,1,0,1,SofaScore Lineups
1000560569,3,2026-09-05,1000000322,Hull City AFC,1,0,1,SofaScore Lineups
1000560569,3,2026-09-05,1000000058,Aston Villa FC,1,0,1,SofaScore Lineups
1000560570,3,2026-09-06,1000000057,Arsenal FC,1,0,1,SofaScore Lineups
1000560570,3,2026-09-06,1000000061,Chelsea FC,1,0,1,SofaScore Lineups
1000560571,3,2026-09-05,1000000067,Newcastle United FC,1,0,1,SofaScore Lineups
1000560571,3,2026-09-05,1000001044,AFC Bournemouth,1,0,1,SofaScore Lineups
1000560572,4,2026-09-12,1000000354,Crystal Palace FC,1,0,1,SofaScore Lineups
1000560572,4,2026-09-12,1000000349,Ipswich Town FC,1,0,1,SofaScore Lineups
1000560573,4,2026-09-12,1000000064,Liverpool FC,1,0,1,SofaScore Lineups
1000560573,4,2026-09-12,1000000063,Fulham FC,1,0,1,SofaScore Lineups
1000560574,4,2026-09-12,1000000058,Aston Villa FC,1,0,1,SofaScore Lineups
1000560574,4,2026-09-12,1000000351,Nottingham Forest FC,1,0,1,SofaScore Lineups
1000560575,4,2026-09-12,1000000073,Tottenham Hotspur FC,1,0,1,SofaScore Lineups
1000560575,4,2026-09-12,1000000062,Everton FC,1,0,1,SofaScore Lineups
1000560576,4,2026-09-12,1000001044,AFC Bournemouth,1,0,1,SofaScore Lineups
1000560576,4,2026-09-12,1000000402,Brentford FC,1,0,1,SofaScore Lineups
1000560577,4,2026-09-12,1000000071,Sunderland AFC,1,0,1,SofaScore Lineups
1000560577,4,2026-09-12,1000000057,Arsenal FC,1,0,1,SofaScore Lineups
1000560578,4,2026-09-13,1000001076,Coventry City FC,1,0,1,SofaScore Lineups
1000560578,4,2026-09-13,1000000397,Brighton & Hove Albion FC,1,0,1,SofaScore Lineups
1000560579,4,2026-09-14,1000000341,Leeds United FC,1,0,1,SofaScore Lineups
1000560579,4,2026-09-14,1000000067,Newcastle United FC,1,0,1,SofaScore Lineups
1000560580,4,2026-09-13,1000000066,Manchester United FC,1,1,1,SofaScore Lineups
1000560580,4,2026-09-13,1000000065,Manchester City FC,1,1,1,SofaScore Lineups
1000560581,4,2026-09-12,1000000061,Chelsea FC,1,0,1,SofaScore Lineups
1000560581,4,2026-09-12,1000000322,Hull City AFC,1,0,1,SofaScore Lineups
1000560582,5,2026-09-20,1000001044,AFC Bournemouth,1,0,1,SofaScore Lineups
1000560582,5,2026-09-20,1000000064,Liverpool FC,1,0,1,SofaScore Lineups
1000560583,5,2026-09-20,1000000063,Fulham FC,1,0,1,SofaScore Lineups
1000560583,5,2026-09-20,1000000066,Manchester United FC,1,0,1,SofaScore Lineups
1000560584,5,2026-09-19,1000000062,Everton FC,1,0,1,SofaScore Lineups
1000560584,5,2026-09-19,1000000349,Ipswich Town FC,1,0,1,SofaScore Lineups
1000560585,5,2026-09-20,1000000341,Leeds United FC,1,0,1,SofaScore Lineups
1000560585,5,2026-09-20,1000000354,Crystal Palace FC,1,0,1,SofaScore Lineups
1000560586,5,2026-09-19,1000000397,Brighton & Hove Albion FC,1,0,1,SofaScore Lineups
1000560586,5,2026-09-19,1000000057,Arsenal FC,1,0,1,SofaScore Lineups
1000560587,5,2026-09-19,1000000073,Tottenham Hotspur FC,1,0,1,SofaScore Lineups
1000560587,5,2026-09-19,1000000058,Aston Villa FC,1,0,1,SofaScore Lineups
1000560588,5,2026-09-19,1000000067,Newcastle United FC,1,0,1,SofaScore Lineups
1000560588,5,2026-09-19,1000000322,Hull City AFC,1,0,1,SofaScore Lineups
1000560589,5,2026-09-19,1000000351,Nottingham Forest FC,1,0,1,SofaScore Lineups
1000560589,5,2026-09-19,1000001076,Coventry City FC,1,0,1,SofaScore Lineups
1000560590,5,2026-09-20,1000000065,Manchester City FC,1,0,1,SofaScore Lineups
1000560590,5,2026-09-20,1000000071,Sunderland AFC,1,0,1,SofaScore Lineups
1000560591,5,2026-09-18,1000000402,Brentford FC,1,0,1,SofaScore Lineups
1000560591,5,2026-09-18,1000000061,Chelsea FC,1,0,1,SofaScore Lineups
