fixture_id,match_date,club,club_id,role,player_id,name,source_name,statmuse_player_id,coverage
1000560591,2026-09-18,Brentford FC,1000000402,SUB_UNUSED,2000030007,Callum Wilson,Callum Wilson,847,MISSING
1000560591,2026-09-18,Brentford FC,1000000402,STARTER,2000030001,Caoimhin Kelleher,Caoimhin Kelleher,870,MISSING
1000560591,2026-09-18,Brentford FC,1000000402,SUB_UNUSED,2000030166,Ellery Balcombe,Ellery Balcombe,1790,MISSING
1000560591,2026-09-18,Brentford FC,1000000402,STARTER,2000030095,Kristoffer Ajer,Kristoffer Ajer,3560,MISSING
1000560591,2026-09-18,Brentford FC,1000000402,SUB_UNUSED,2000030097,Rico Henry,Rico Henry,5362,MISSING
1000560591,2026-09-18,Brentford FC,1000000402,STARTER,2000030003,Vitaly Janelt,Vitaly Janelt,6456,MISSING
1000560591,2026-09-18,Brentford FC,1000000402,SUB_USED,2000030012,Dango Ouattara,Dango Ouattara,6822,MISSING
1000560591,2026-09-18,Brentford FC,1000000402,SUB_USED,2000030008,Aaron Hickey,Aaron Hickey,6846,MISSING
1000560591,2026-09-18,Brentford FC,1000000402,STARTER,2000030011,Yehor Yarmoliuk,Yehor Yarmoliuk,6849,MISSING
1000560591,2026-09-18,Brentford FC,1000000402,STARTER,2000030094,Kevin Schade,Kevin Schade,6851,MISSING
1000560591,2026-09-18,Brentford FC,1000000402,STARTER,2000030009,Mikkel Damsgaard,Mikkel Damsgaard,6852,MISSING
1000560591,2026-09-18,Brentford FC,1000000402,STARTER,2000030002,Keane Lewis-Potter,Keane Lewis-Potter,6853,MISSING
1000560591,2026-09-18,Brentford FC,1000000402,STARTER,2000030010,Jaidon Anthony,Jaidon Anthony,7053,MISSING
1000560591,2026-09-18,Brentford FC,1000000402,SUB_USED,153066,Fabio Carvalho,Fabio Carvalho,7244,MISSING
1000560591,2026-09-18,Brentford FC,1000000402,SUB_UNUSED,2000030165,Benjamin Fredrick,Benjamin Fredrick,7559,MISSING
1000560591,2026-09-18,Brentford FC,1000000402,STARTER,2000030006,Igor Thiago,Igor Thiago,23448,MISSING
1000560591,2026-09-18,Brentford FC,1000000402,STARTER,2000030004,Michael Kayode,Michael Kayode,23764,MISSING
1000560591,2026-09-18,Brentford FC,1000000402,STARTER,2000030099,Jannik Schuster,Jannik Schuster,51850,MISSING
1000560591,2026-09-18,Brentford FC,1000000402,SUB_USED,2000030163,El Hadji Malick Diouf,El Hadji Malick Diouf,63124,MISSING
1000560591,2026-09-18,Brentford FC,1000000402,SUB_USED,2000030005,Mamadou Sangare,Mamadou Sangaré,63477,MISSING
1000560591,2026-09-18,Chelsea FC,1000000061,STARTER,2000005009,Cole Palmer,Cole Palmer,1110,EXISTING_PRODUCTION
1000560591,2026-09-18,Chelsea FC,1000000061,STARTER,2000005013,Danny Welbeck,Danny Welbeck,1361,EXISTING_PRODUCTION
1000560591,2026-09-18,Chelsea FC,1000000061,STARTER,2000005001,Emiliano Martinez,Emiliano Martínez,1827,EXISTING_PRODUCTION
1000560591,2026-09-18,Chelsea FC,1000000061,STARTER,2000005011,Jordan Henderson,Jordan Henderson,3188,EXISTING_PRODUCTION
1000560591,2026-09-18,Chelsea FC,1000000061,STARTER,2000005012,Morgan Rogers,Morgan Rogers,4552,EXISTING_PRODUCTION
1000560591,2026-09-18,Chelsea FC,1000000061,STARTER,2000005007,Pedro Neto,Pedro Neto,5073,EXISTING_PRODUCTION
1000560591,2026-09-18,Chelsea FC,1000000061,SUB_UNUSED,2000005025,Romeo Lavia,Roméo Lavia,5471,EXISTING_PRODUCTION
1000560591,2026-09-18,Chelsea FC,1000000061,STARTER,2000005003,Wesley Fofana,Wesley Fofana,6507,EXISTING_PRODUCTION
1000560591,2026-09-18,Chelsea FC,1000000061,SUB_UNUSED,2000005019,Malo Gusto,Malo Gusto,6893,EXISTING_PRODUCTION
1000560591,2026-09-18,Chelsea FC,1000000061,STARTER,2000005006,Levi Colwill,Levi Colwill,6894,EXISTING_PRODUCTION
1000560591,2026-09-18,Chelsea FC,1000000061,STARTER,2000005004,Valentin Barco,Valentín Barco,7573,EXISTING_PRODUCTION
1000560591,2026-09-18,Chelsea FC,1000000061,SUB_USED,2000005022,Josh Acheampong,Joshua Acheampong,7619,EXISTING_PRODUCTION
1000560591,2026-09-18,Chelsea FC,1000000061,STARTER,2000005020,Pep Chavarria,Pep Chavarría,8127,EXISTING_PRODUCTION
1000560591,2026-09-18,Chelsea FC,1000000061,STARTER,2000005005,Maxence Lacroix,Maxence Lacroix,23583,EXISTING_PRODUCTION
1000560591,2026-09-18,Chelsea FC,1000000061,SUB_UNUSED,2000005010,Jamie Bynoe-Gittens,Jamie Gittens,28751,EXISTING_PRODUCTION
1000560591,2026-09-18,Chelsea FC,1000000061,SUB_UNUSED,2000005014,Jorrel Hato,Jorrel Hato,51503,EXISTING_PRODUCTION
1000560591,2026-09-18,Chelsea FC,1000000061,SUB_USED,2000005016,Geovany Quenda,Geovany Quenda,52012,EXISTING_PRODUCTION
1000560591,2026-09-18,Chelsea FC,1000000061,SUB_UNUSED,2000005023,Mike Penders,Mike Penders,61207,EXISTING_PRODUCTION
1000560591,2026-09-18,Chelsea FC,1000000061,SUB_USED,2000005024,Estevao,Estevão,63142,EXISTING_PRODUCTION
1000560591,2026-09-18,Chelsea FC,1000000061,SUB_USED,2000005021,Mahdi Nicoll-Jazuli,Mahdi Jazuli,65226,EXISTING_PRODUCTION
1000560584,2026-09-19,Everton FC,1000000062,STARTER,2000030191,Ainsley Maitland-Niles,Ainsley Maitland-Niles,139,MISSING
1000560584,2026-09-19,Everton FC,1000000062,STARTER,2000030029,Jack Grealish,Jack Grealish,2574,MISSING
1000560584,2026-09-19,Everton FC,1000000062,STARTER,2000020091,James Garner,James Garner,2662,MISSING
1000560584,2026-09-19,Everton FC,1000000062,STARTER,2000020089,James Tarkowski,James Tarkowski,2700,MISSING
1000560584,2026-09-19,Everton FC,1000000062,STARTER,2000015005,Jarrad Branthwaite,Jarrad Branthwaite,2780,MISSING
1000560584,2026-09-19,Everton FC,1000000062,STARTER,2000020085,Jordan Pickford,Jordan Pickford,3199,MISSING
1000560584,2026-09-19,Everton FC,1000000062,SUB_UNUSED,2000020109,Mark Travers,Mark Travers,4100,MISSING
1000560584,2026-09-19,Everton FC,1000000062,SUB_UNUSED,2000020111,Michael Keane,Michael Keane,4402,MISSING
1000560584,2026-09-19,Everton FC,1000000062,STARTER,2000020086,Vitaliy Mykolenko,Vitalii Mykolenko,6917,MISSING
1000560584,2026-09-19,Everton FC,1000000062,STARTER,2000020093,Brennan Johnson,Brennan Johnson,7021,MISSING
1000560584,2026-09-19,Everton FC,1000000062,SUB_UNUSED,2000030190,Tom King,Thomas King,7038,MISSING
1000560584,2026-09-19,Everton FC,1000000062,STARTER,2000015001,Kiernan Dewsbury-Hall,Kiernan Dewsbury Hall,7083,MISSING
1000560584,2026-09-19,Everton FC,1000000062,SUB_UNUSED,2000020094,Carlos Alcaraz,Carlos Alcaraz,7089,MISSING
1000560584,2026-09-19,Everton FC,1000000062,SUB_USED,2000020113,Tyler Dibling,Tyler Dibling,7091,MISSING
1000560584,2026-09-19,Everton FC,1000000062,SUB_USED,2000020112,Jake O'Brien,Jake O'Brien,7126,MISSING
1000560584,2026-09-19,Everton FC,1000000062,SUB_USED,2000020087,Tyrique George,Tyrique George,7628,MISSING
1000560584,2026-09-19,Everton FC,1000000062,STARTER,2000015004,Harrison Armstrong,Harrison Armstrong,23516,MISSING
1000560584,2026-09-19,Everton FC,1000000062,STARTER,2000015002,Thierno Barry,Thierno Barry,23539,MISSING
1000560584,2026-09-19,Everton FC,1000000062,SUB_UNUSED,2000030192,Braiden Graham,Braiden Graham,64041,MISSING
1000560584,2026-09-19,Everton FC,1000000062,SUB_USED,2000020088,Hayden Hackney,Hayden Hackney,64728,MISSING
1000560584,2026-09-19,Ipswich Town FC,1000000349,STARTER,2000020044,Christian Walton,Christian Walton,1057,MISSING
1000560584,2026-09-19,Ipswich Town FC,1000000349,SUB_USED,2000020027,Chuba Akpom,Chuba Akpom,1069,MISSING
1000560584,2026-09-19,Ipswich Town FC,1000000349,STARTER,2000020023,Dara O'Shea,Dara O'Shea,1369,MISSING
1000560584,2026-09-19,Ipswich Town FC,1000000349,SUB_UNUSED,2000020045,Darnell Furlong,Darnell Furlong,1380,MISSING
1000560584,2026-09-19,Ipswich Town FC,1000000349,STARTER,2000020022,Issa Diop,Issa Diop,2539,MISSING
1000560584,2026-09-19,Ipswich Town FC,1000000349,STARTER,2000011003,Jack Clarke,Jack Clarke,2567,MISSING
1000560584,2026-09-19,Ipswich Town FC,1000000349,SUB_USED,138931,Jaden Philogene-Bidace,Jaden Philogene,2609,MISSING
1000560584,2026-09-19,Ipswich Town FC,1000000349,SUB_UNUSED,2000020019,Kjell Scherpen,Kjell Scherpen,3543,MISSING
1000560584,2026-09-19,Ipswich Town FC,1000000349,STARTER,2000020020,Leif Davis,Leif Davis,3696,MISSING
1000560584,2026-09-19,Ipswich Town FC,1000000349,STARTER,2000011002,Julio Enciso,Julio César Enciso,6864,MISSING
1000560584,2026-09-19,Ipswich Town FC,1000000349,STARTER,2000011004,Saša Lukić,Saša Lukić,6928,MISSING
1000560584,2026-09-19,Ipswich Town FC,1000000349,STARTER,2000020025,Abdul Fatawu Issahaku,Abdul Fatawu,7081,MISSING
1000560584,2026-09-19,Ipswich Town FC,1000000349,SUB_UNUSED,2000011005,Marcelino Núñez,Marcelino Núñez,7107,MISSING
1000560584,2026-09-19,Ipswich Town FC,1000000349,SUB_USED,2000030217,Florentino Ibrain Morris Luís,Florentino,8564,MISSING
1000560584,2026-09-19,Ipswich Town FC,1000000349,SUB_UNUSED,2000020021,Jacob Greaves,Jacob Greaves,23479,MISSING
1000560584,2026-09-19,Ipswich Town FC,1000000349,STARTER,2000030218,Exequiel Palacios,Exequiel Palacios,28648,MISSING
1000560584,2026-09-19,Ipswich Town FC,1000000349,STARTER,2000020028,Abdoul Ouattara,Guimissongui Ouattara,46400,MISSING
1000560584,2026-09-19,Ipswich Town FC,1000000349,SUB_USED,2000020024,Daizen Maeda,Daizen Maeda,51566,MISSING
1000560584,2026-09-19,Ipswich Town FC,1000000349,SUB_USED,2000030219,Zian Flemming,Zian Flemming,61261,MISSING
1000560584,2026-09-19,Ipswich Town FC,1000000349,STARTER,2000011001,Emersonn,Emersonn,63759,MISSING
1000560586,2026-09-19,Brighton & Hove Albion FC,1000000397,SUB_UNUSED,2000030118,Jason Steele,Jason Steele,2810,MISSING
1000560586,2026-09-19,Brighton & Hove Albion FC,1000000397,SUB_USED,2000030169,Matt O'Riley,Matt O'Riley,4250,MISSING
1000560586,2026-09-19,Brighton & Hove Albion FC,1000000397,STARTER,2000030049,Pascal Groß,Pascal Groß,4916,MISSING
1000560586,2026-09-19,Brighton & Hove Albion FC,1000000397,STARTER,2000030119,Pascal Struijk,Pascal Struijk,4917,MISSING
1000560586,2026-09-19,Brighton & Hove Albion FC,1000000397,STARTER,2000030055,Bart Verbruggen,Bart Verbruggen,6856,MISSING
1000560586,2026-09-19,Brighton & Hove Albion FC,1000000397,SUB_USED,2000030044,Georginio Rutter,Georginio Rutter,7073,MISSING
1000560586,2026-09-19,Brighton & Hove Albion FC,1000000397,STARTER,2000030048,Yasin Ayari,Yasin Ayari,7120,MISSING
1000560586,2026-09-19,Brighton & Hove Albion FC,1000000397,SUB_UNUSED,2000030052,Ibrahim Osman,Ibrahim Osman,23449,MISSING
1000560586,2026-09-19,Brighton & Hove Albion FC,1000000397,SUB_USED,2000030054,Malick Yalcouyé,Malick Yalcouyé,23477,MISSING
1000560586,2026-09-19,Brighton & Hove Albion FC,1000000397,STARTER,2000030167,Ferdi Kadıoğlu,Ferdi Kadıoğlu,23570,MISSING
1000560586,2026-09-19,Brighton & Hove Albion FC,1000000397,STARTER,2000030259,Chema Andrés,Chema,23599,MISSING
1000560586,2026-09-19,Brighton & Hove Albion FC,1000000397,STARTER,2000030043,Diego Gómez,Diego Gómez,23730,MISSING
1000560586,2026-09-19,Brighton & Hove Albion FC,1000000397,SUB_USED,2000030120,Michael Svoboda,Michael Svoboda,41876,MISSING
1000560586,2026-09-19,Brighton & Hove Albion FC,1000000397,STARTER,2000030117,Olivier Boscagli,Olivier Boscagli,45528,MISSING
1000560586,2026-09-19,Brighton & Hove Albion FC,1000000397,SUB_UNUSED,2000030173,Jaouen Hadjam,Jaouen Hadjam,46674,MISSING
1000560586,2026-09-19,Brighton & Hove Albion FC,1000000397,STARTER,2000030042,Maxim De Cuyper,Maxim De Cuyper,50704,MISSING
1000560586,2026-09-19,Brighton & Hove Albion FC,1000000397,STARTER,2000030046,Luka Vušković,Luka Vušković,61216,MISSING
1000560586,2026-09-19,Brighton & Hove Albion FC,1000000397,STARTER,2000030051,Charalampos Kostoulas,Charalampos Kostoulas,61255,MISSING
1000560586,2026-09-19,Brighton & Hove Albion FC,1000000397,SUB_USED,2000030050,Costinha,Costinha,63578,MISSING
1000560586,2026-09-19,Brighton & Hove Albion FC,1000000397,SUB_UNUSED,2000030121,Promise David,Promise David,63661,MISSING
1000560586,2026-09-19,Arsenal FC,1000000057,STARTER,2000001007,Bukayo Saka,Bukayo Saka,816,MISSING
1000560586,2026-09-19,Arsenal FC,1000000057,STARTER,2000001014,Christos Tzolis,Christos Tzolis,1068,MISSING
1000560586,2026-09-19,Arsenal FC,1000000057,STARTER,2000001001,David Raya,David Raya,1516,MISSING
1000560586,2026-09-19,Arsenal FC,1000000057,STARTER,2000001023,Declan Rice,Declan Rice,1581,MISSING
1000560586,2026-09-19,Arsenal FC,1000000057,SUB_USED,2000001009,Eberechi Eze,Eberechi Eze,1737,MISSING
1000560586,2026-09-19,Arsenal FC,1000000057,STARTER,2000001013,Ezri Konsa,Ezri Konsa,1901,MISSING
1000560586,2026-09-19,Arsenal FC,1000000057,STARTER,2000001006,Gabriel Magalhaes,Gabriel Magalhães,2054,MISSING
1000560586,2026-09-19,Arsenal FC,1000000057,STARTER,2000001018,Kai Havertz,Kai Havertz,3366,MISSING
1000560586,2026-09-19,Arsenal FC,1000000057,SUB_UNUSED,2000001011,Kepa Arrizabalaga,Kepa Arrizabalaga,3455,MISSING
1000560586,2026-09-19,Arsenal FC,1000000057,STARTER,2000001008,Martin Odegaard,Martin Ødegaard,4160,MISSING
1000560586,2026-09-19,Arsenal FC,1000000057,SUB_USED,2000001017,Mikel Merino,Mikel Merino,4499,MISSING
1000560586,2026-09-19,Arsenal FC,1000000057,SUB_USED,2000001012,Viktor Gyokeres,Viktor Gyökeres,6437,MISSING
1000560586,2026-09-19,Arsenal FC,1000000057,STARTER,2000001010,Jurrien Timber,Jurriën Timber,6825,MISSING
1000560586,2026-09-19,Arsenal FC,1000000057,SUB_UNUSED,2000001015,Noni Madueke,Noni Madueke,6905,MISSING
1000560586,2026-09-19,Arsenal FC,1000000057,STARTER,2000001022,Bruno Guimaraes,Bruno Guimarães,6987,MISSING
1000560586,2026-09-19,Arsenal FC,1000000057,SUB_UNUSED,2000001024,Myles Lewis-Skelly,Myles Lewis-Skelly,7537,MISSING
1000560586,2026-09-19,Arsenal FC,1000000057,SUB_USED,2000001021,Martin Zubimendi,Martín Zubimendi,8084,MISSING
1000560586,2026-09-19,Arsenal FC,1000000057,STARTER,2000001020,Riccardo Calafiori,Riccardo Calafiori,23492,MISSING
1000560586,2026-09-19,Arsenal FC,1000000057,SUB_UNUSED,2000001005,Piero Hincapie,Piero Hincapié,28756,MISSING
1000560586,2026-09-19,Arsenal FC,1000000057,SUB_USED,2000001025,Max Dowman,Max Dowman,63147,MISSING
1000560587,2026-09-19,Tottenham Hotspur FC,1000000073,STARTER,2000030027,Andy Robertson,Andy Robertson,373,MISSING
1000560587,2026-09-19,Tottenham Hotspur FC,1000000073,SUB_USED,2000030025,Conor Gallagher,Conor Gallagher,1149,MISSING
1000560587,2026-09-19,Tottenham Hotspur FC,1000000073,STARTER,2000030018,Dominic Solanke,Dominic Solanke,1692,MISSING
1000560587,2026-09-19,Tottenham Hotspur FC,1000000073,SUB_USED,2000030020,James Maddison,James Maddison,2672,MISSING
1000560587,2026-09-19,Tottenham Hotspur FC,1000000073,STARTER,2000030028,Jan Paul van Hecke,Jan Paul van Hecke,2763,MISSING
1000560587,2026-09-19,Tottenham Hotspur FC,1000000073,SUB_UNUSED,2000030102,Martin Dúbravka,Martin Dúbravka,4146,MISSING
1000560587,2026-09-19,Tottenham Hotspur FC,1000000073,STARTER,47519,Pedro Porro,Pedro Porro,5076,MISSING
1000560587,2026-09-19,Tottenham Hotspur FC,1000000073,SUB_UNUSED,19145,Tosin Adarabioyo,Tosin Adarabioyo,6358,MISSING
1000560587,2026-09-19,Tottenham Hotspur FC,1000000073,SUB_UNUSED,2000030026,Marcos Senesi,Marcos Senesi,6812,MISSING
1000560587,2026-09-19,Tottenham Hotspur FC,1000000073,STARTER,2000030100,Sandro Tonali,Sandro Tonali,6985,MISSING
1000560587,2026-09-19,Tottenham Hotspur FC,1000000073,SUB_UNUSED,2000030016,Destiny Udogie,Destiny Udogie,7017,MISSING
1000560587,2026-09-19,Tottenham Hotspur FC,1000000073,STARTER,152849,Micky van de Ven,Micky van de Ven,7019,MISSING
1000560587,2026-09-19,Tottenham Hotspur FC,1000000073,STARTER,2000030023,Rodrigo Bentancur,Rodrigo Bentancur,7023,MISSING
1000560587,2026-09-19,Tottenham Hotspur FC,1000000073,SUB_USED,15911,Mohammed Kudus,Mohammed Kudus,7034,MISSING
1000560587,2026-09-19,Tottenham Hotspur FC,1000000073,SUB_USED,2000030017,Archie Gray,Archie Gray,7069,MISSING
1000560587,2026-09-19,Tottenham Hotspur FC,1000000073,STARTER,2000030246,Sávio Moreira de Oliveira,Sávio,8189,MISSING
1000560587,2026-09-19,Tottenham Hotspur FC,1000000073,SUB_USED,2000030022,Lucas Bergvall,Lucas Bergvall,23453,MISSING
1000560587,2026-09-19,Tottenham Hotspur FC,1000000073,STARTER,2000030024,Mateus Fernandes,Mateus Fernandes,23536,MISSING
1000560587,2026-09-19,Tottenham Hotspur FC,1000000073,STARTER,2000030015,Antonín Kinský,Antonín Kinský,23739,MISSING
1000560587,2026-09-19,Tottenham Hotspur FC,1000000073,STARTER,2000030107,Omar Marmoush,Omar Marmoush,23763,MISSING
1000560587,2026-09-19,Aston Villa FC,1000000058,STARTER,18846,Aaron Wan-Bissaka,Aaron Wan-Bissaka,21,MISSING
1000560587,2026-09-19,Aston Villa FC,1000000058,STARTER,2000030061,Emiliano Buendía,Emiliano Buendía,1824,MISSING
1000560587,2026-09-19,Aston Villa FC,1000000058,STARTER,2000030059,John McGinn,John McGinn,3072,MISSING
1000560587,2026-09-19,Aston Villa FC,1000000058,SUB_USED,2000030058,Matty Cash,Matty Cash,4269,MISSING
1000560587,2026-09-19,Aston Villa FC,1000000058,SUB_USED,2000030068,Ross Barkley,Ross Barkley,5494,MISSING
1000560587,2026-09-19,Aston Villa FC,1000000058,SUB_USED,2000030147,Tammy Abraham,Tammy Abraham,6136,MISSING
1000560587,2026-09-19,Aston Villa FC,1000000058,SUB_UNUSED,144729,Taylor Harwood-Bellis,Taylor Harwood-Bellis,6148,MISSING
1000560587,2026-09-19,Aston Villa FC,1000000058,STARTER,2000030065,Tyrone Mings,Tyrone Mings,6396,MISSING
1000560587,2026-09-19,Aston Villa FC,1000000058,STARTER,2000030056,Victor Lindelöf,Victor Nilsson-Lindelöf,6430,MISSING
1000560587,2026-09-19,Aston Villa FC,1000000058,STARTER,2000030122,Boubacar Kamara,Boubacar Kamara,6833,MISSING
1000560587,2026-09-19,Aston Villa FC,1000000058,STARTER,283058,Nicolas Jackson,Nicolas Jackson,6903,MISSING
1000560587,2026-09-19,Aston Villa FC,1000000058,SUB_UNUSED,2000030060,Alejandro Garnacho,Alejandro Garnacho,6980,MISSING
1000560587,2026-09-19,Aston Villa FC,1000000058,STARTER,2000030057,João Gomes,João Gomes,7044,MISSING
1000560587,2026-09-19,Aston Villa FC,1000000058,SUB_UNUSED,2000030151,James Wright,James Wright,7169,MISSING
1000560587,2026-09-19,Aston Villa FC,1000000058,SUB_UNUSED,2000030067,Lamare Bogarde,Lamare Bogarde,7173,MISSING
1000560587,2026-09-19,Aston Villa FC,1000000058,STARTER,2000030146,Johan Manzambi,Johan Manzambi,29016,MISSING
1000560587,2026-09-19,Aston Villa FC,1000000058,STARTER,2000030063,Matteo Ruggeri,Matteo Ruggeri,41214,MISSING
1000560587,2026-09-19,Aston Villa FC,1000000058,STARTER,2000030124,Zion Suzuki,Zion Suzuki,41839,MISSING
1000560587,2026-09-19,Aston Villa FC,1000000058,SUB_USED,2000030150,Ibrahim Mbaye,Ibrahim Mbaye,47101,MISSING
1000560587,2026-09-19,Aston Villa FC,1000000058,SUB_USED,2000030123,George Hemmings,George Hemmings,63378,MISSING
1000560588,2026-09-19,Newcastle United FC,1000000067,SUB_USED,2000030075,Fabian Schär,Fabian Schär,1906,MISSING
1000560588,2026-09-19,Newcastle United FC,1000000067,STARTER,2000030129,Harvey Barnes,Harvey Barnes,2380,MISSING
1000560588,2026-09-19,Newcastle United FC,1000000067,STARTER,2000030076,Jacob Murphy,Jacob Murphy,2604,MISSING
1000560588,2026-09-19,Newcastle United FC,1000000067,STARTER,2000030071,Joe Willock,Joe Willock,3254,MISSING
1000560588,2026-09-19,Newcastle United FC,1000000067,SUB_UNUSED,18911,Nick Pope,Nick Pope,4711,MISSING
1000560588,2026-09-19,Newcastle United FC,1000000067,STARTER,2000030072,Yoane Wissa,Yoane Wissa,6578,MISSING
1000560588,2026-09-19,Newcastle United FC,1000000067,STARTER,2000030130,Sven Botman,Sven Botman,6983,MISSING
1000560588,2026-09-19,Newcastle United FC,1000000067,STARTER,2000030128,Lewis Hall,Lewis Hall,6984,MISSING
1000560588,2026-09-19,Newcastle United FC,1000000067,STARTER,2000030078,Lewis Miley,Lewis Miley,6986,MISSING
1000560588,2026-09-19,Newcastle United FC,1000000067,SUB_UNUSED,2000030240,Miodrag Pivas,Miodrag Pivas,23488,MISSING
1000560588,2026-09-19,Newcastle United FC,1000000067,STARTER,2000030131,Malick Thiaw,Malick Thiaw,30606,MISSING
1000560588,2026-09-19,Newcastle United FC,1000000067,SUB_USED,2000030077,Aladji Bamba,Aladji Bamba,47115,MISSING
1000560588,2026-09-19,Newcastle United FC,1000000067,STARTER,2000030238,Matias Fernandez-Pardo,Matias Fernandez-Pardo,47119,MISSING
1000560588,2026-09-19,Newcastle United FC,1000000067,SUB_USED,2000030134,Bazoumana Touré,Bazoumana Touré,48723,MISSING
1000560588,2026-09-19,Newcastle United FC,1000000067,STARTER,2000030074,Lukáš Horníček,Lukáš Horníček,51721,MISSING
1000560588,2026-09-19,Newcastle United FC,1000000067,SUB_UNUSED,2000030241,Vakhtang Salia,Vakhtang Salia,63496,MISSING
1000560588,2026-09-19,Newcastle United FC,1000000067,STARTER,2000030080,Sean Steur,Sean Steur,63710,MISSING
1000560588,2026-09-19,Newcastle United FC,1000000067,SUB_UNUSED,2000030239,Mason Miley,Mason Miley,65217,MISSING
1000560588,2026-09-19,Newcastle United FC,1000000067,SUB_UNUSED,2000030243,Kyran Thompson,Kyran Thompson,65228,MISSING
1000560588,2026-09-19,Newcastle United FC,1000000067,SUB_UNUSED,2000030242,Michael Mills,Michael Mills,65229,MISSING
1000560588,2026-09-19,Hull City AFC,1000000322,SUB_USED,2000030205,Joe Gelhardt,Joe Gelhardt,2963,MISSING
1000560588,2026-09-19,Hull City AFC,1000000322,STARTER,2000010005,John Egan,John Egan,3042,MISSING
1000560588,2026-09-19,Hull City AFC,1000000322,STARTER,2000020008,Oli McBurnie,Oliver McBurnie,4826,MISSING
1000560588,2026-09-19,Hull City AFC,1000000322,SUB_UNUSED,2000020011,Paddy McNair,Paddy McNair,4937,MISSING
1000560588,2026-09-19,Hull City AFC,1000000322,STARTER,2000010004,Regan Slater,Regan Slater,5269,MISSING
1000560588,2026-09-19,Hull City AFC,1000000322,STARTER,2000020005,Ryan Giles,Ryan Giles,5560,MISSING
1000560588,2026-09-19,Hull City AFC,1000000322,STARTER,2000010002,Semi Ajayi,Semi Ajayi,5772,MISSING
1000560588,2026-09-19,Hull City AFC,1000000322,SUB_USED,284500,Tim Iroegbunam,Tim Iroegbunam,6228,MISSING
1000560588,2026-09-19,Hull City AFC,1000000322,SUB_USED,2000030207,Mohamed-Ali Cho,Mohamed Ali Cho,7672,MISSING
1000560588,2026-09-19,Hull City AFC,1000000322,SUB_USED,2000020016,Lucas Gourna-Douath,Lucas Gourna Douath,46200,MISSING
1000560588,2026-09-19,Hull City AFC,1000000322,SUB_USED,2000030209,Robinio Vaz,Robinio Vaz,47110,MISSING
1000560588,2026-09-19,Hull City AFC,1000000322,STARTER,2000030211,Sorba Thomas,Sorba Thomas,47202,MISSING
1000560588,2026-09-19,Hull City AFC,1000000322,STARTER,2000010001,Konstantinos Tzolakis,Kostas Tzolakis,50815,MISSING
1000560588,2026-09-19,Hull City AFC,1000000322,SUB_UNUSED,2000020015,Dillon Phillips,Dillon Phillips,64493,MISSING
1000560588,2026-09-19,Hull City AFC,1000000322,STARTER,2000020004,Lewie Coyle,Lewie Coyle,64499,MISSING
1000560588,2026-09-19,Hull City AFC,1000000322,STARTER,2000020007,Matt Crooks,Matty Crooks,64519,MISSING
1000560588,2026-09-19,Hull City AFC,1000000322,STARTER,2000020009,Mohamed Belloumi,Bachir Belloumi,64523,MISSING
1000560588,2026-09-19,Hull City AFC,1000000322,SUB_UNUSED,2000020006,Elliot Stroud,Elliot Stroud,64821,MISSING
1000560588,2026-09-19,Hull City AFC,1000000322,SUB_UNUSED,2000020018,Jens Hjertø-Dahl,Jens Hjertø-Dahl,64823,MISSING
1000560588,2026-09-19,Hull City AFC,1000000322,STARTER,2000020010,Lucas Herrington,Lucas Herrington,64851,MISSING
