fixture_id,player_id,name,rating,production_key
1000560584,138931,Jaden Philogene-Bidace,6.7,NO
1000560584,2000011001,Emersonn,6.1,NO
1000560584,2000011002,Julio Enciso,6.7,NO
1000560584,2000011003,Jack Clarke,6.8,NO
1000560584,2000011004,Saša Lukić,6.9,NO
1000560584,2000015001,Kiernan Dewsbury-Hall,7.4,NO
1000560584,2000015002,Thierno Barry,6.2,NO
1000560584,2000015004,Harrison Armstrong,6.7,NO
1000560584,2000015005,Jarrad Branthwaite,7.2,NO
1000560584,2000020020,Leif Davis,6.1,NO
1000560584,2000020022,Issa Diop,7.3,NO
1000560584,2000020023,Dara O'Shea,6.9,NO
1000560584,2000020024,Daizen Maeda,6.8,NO
1000560584,2000020025,Abdul Fatawu Issahaku,6.0,NO
1000560584,2000020027,Chuba Akpom,6.4,NO
1000560584,2000020028,Abdoul Ouattara,6.7,NO
1000560584,2000020044,Christian Walton,7.0,NO
1000560584,2000020085,Jordan Pickford,7.8,NO
1000560584,2000020086,Vitaliy Mykolenko,7.2,NO
1000560584,2000020087,Tyrique George,6.8,NO
1000560584,2000020088,Hayden Hackney,6.5,NO
1000560584,2000020089,James Tarkowski,7.8,NO
1000560584,2000020091,James Garner,6.8,NO
1000560584,2000020093,Brennan Johnson,6.5,NO
1000560584,2000020112,Jake O'Brien,6.7,NO
1000560584,2000020113,Tyler Dibling,7.2,NO
1000560584,2000030029,Jack Grealish,7.7,NO
1000560584,2000030191,Ainsley Maitland-Niles,7.8,NO
1000560584,2000030217,Florentino Ibrain Morris Luís,6.3,NO
1000560584,2000030218,Exequiel Palacios,6.8,NO
1000560584,2000030219,Zian Flemming,6.3,NO
1000560586,2000001001,David Raya,6.8,NO
1000560586,2000001006,Gabriel Magalhaes,6.9,NO
1000560586,2000001007,Bukayo Saka,7.3,NO
1000560586,2000001008,Martin Odegaard,6.0,NO
1000560586,2000001009,Eberechi Eze,6.7,NO
1000560586,2000001010,Jurrien Timber,6.1,NO
1000560586,2000001012,Viktor Gyokeres,6.5,NO
1000560586,2000001013,Ezri Konsa,6.0,NO
1000560586,2000001014,Christos Tzolis,6.4,NO
1000560586,2000001017,Mikel Merino,6.4,NO
1000560586,2000001018,Kai Havertz,6.9,NO
1000560586,2000001020,Riccardo Calafiori,6.2,NO
1000560586,2000001021,Martin Zubimendi,6.5,NO
1000560586,2000001022,Bruno Guimaraes,6.5,NO
1000560586,2000001023,Declan Rice,6.7,NO
1000560586,2000001025,Max Dowman,6.6,NO
1000560586,2000030042,Maxim De Cuyper,7.6,NO
1000560586,2000030043,Diego Gómez,7.4,NO
1000560586,2000030044,Georginio Rutter,6.8,NO
1000560586,2000030046,Luka Vušković,7.6,NO
1000560586,2000030048,Yasin Ayari,6.8,NO
1000560586,2000030049,Pascal Groß,8.4,NO
1000560586,2000030050,Costinha,6.8,NO
1000560586,2000030051,Charalampos Kostoulas,7.5,NO
1000560586,2000030054,Malick Yalcouyé,7.0,NO
1000560586,2000030055,Bart Verbruggen,7.9,NO
1000560586,2000030117,Olivier Boscagli,7.4,NO
1000560586,2000030119,Pascal Struijk,7.5,NO
1000560586,2000030120,Michael Svoboda,6.8,NO
1000560586,2000030167,Ferdi Kadıoğlu,6.7,NO
1000560586,2000030169,Matt O'Riley,6.7,NO
1000560586,2000030259,Chema Andrés,8.0,NO
1000560587,15911,Mohammed Kudus,7.5,NO
1000560587,18846,Aaron Wan-Bissaka,6.8,NO
1000560587,47519,Pedro Porro,6.5,NO
1000560587,152849,Micky van de Ven,6.9,NO
1000560587,283058,Nicolas Jackson,7.8,NO
1000560587,2000030015,Antonín Kinský,5.7,NO
1000560587,2000030017,Archie Gray,6.4,NO
1000560587,2000030018,Dominic Solanke,6.6,NO
1000560587,2000030020,James Maddison,7.0,NO
1000560587,2000030022,Lucas Bergvall,6.6,NO
1000560587,2000030023,Rodrigo Bentancur,7.1,NO
1000560587,2000030024,Mateus Fernandes,6.4,NO
1000560587,2000030025,Conor Gallagher,7.6,NO
1000560587,2000030027,Andy Robertson,6.4,NO
1000560587,2000030028,Jan Paul van Hecke,7.8,NO
1000560587,2000030056,Victor Lindelöf,6.1,NO
1000560587,2000030057,João Gomes,6.8,NO
1000560587,2000030058,Matty Cash,5.8,NO
1000560587,2000030059,John McGinn,6.6,NO
1000560587,2000030061,Emiliano Buendía,8.2,NO
1000560587,2000030063,Matteo Ruggeri,6.3,NO
1000560587,2000030065,Tyrone Mings,6.1,NO
1000560587,2000030068,Ross Barkley,6.1,NO
1000560587,2000030100,Sandro Tonali,7.7,NO
1000560587,2000030107,Omar Marmoush,6.3,NO
1000560587,2000030122,Boubacar Kamara,7.0,NO
1000560587,2000030123,George Hemmings,6.1,NO
1000560587,2000030124,Zion Suzuki,6.9,NO
1000560587,2000030146,Johan Manzambi,7.8,NO
1000560587,2000030147,Tammy Abraham,6.6,NO
1000560587,2000030150,Ibrahim Mbaye,6.3,NO
1000560587,2000030246,Sávio Moreira de Oliveira,6.6,NO
1000560588,284500,Tim Iroegbunam,6.9,NO
1000560588,2000010001,Konstantinos Tzolakis,6.9,NO
1000560588,2000010002,Semi Ajayi,6.5,NO
1000560588,2000010004,Regan Slater,6.3,NO
1000560588,2000010005,John Egan,6.4,NO
1000560588,2000020004,Lewie Coyle,5.8,NO
1000560588,2000020005,Ryan Giles,6.2,NO
1000560588,2000020007,Matt Crooks,6.9,NO
1000560588,2000020008,Oli McBurnie,6.7,NO
1000560588,2000020009,Mohamed Belloumi,7.3,NO
1000560588,2000020010,Lucas Herrington,6.6,NO
1000560588,2000020016,Lucas Gourna-Douath,6.4,NO
1000560588,2000030071,Joe Willock,8.0,NO
1000560588,2000030072,Yoane Wissa,6.0,NO
1000560588,2000030074,Lukáš Horníček,7.0,NO
1000560588,2000030075,Fabian Schär,7.0,NO
1000560588,2000030076,Jacob Murphy,7.5,NO
1000560588,2000030077,Aladji Bamba,6.8,NO
1000560588,2000030078,Lewis Miley,6.9,NO
1000560588,2000030080,Sean Steur,7.3,NO
1000560588,2000030128,Lewis Hall,7.6,NO
1000560588,2000030129,Harvey Barnes,7.5,NO
1000560588,2000030130,Sven Botman,7.1,NO
1000560588,2000030131,Malick Thiaw,7.2,NO
1000560588,2000030134,Bazoumana Touré,6.2,NO
1000560588,2000030205,Joe Gelhardt,6.8,NO
1000560588,2000030207,Mohamed-Ali Cho,7.8,NO
1000560588,2000030209,Robinio Vaz,6.5,NO
1000560588,2000030211,Sorba Thomas,5.6,NO
1000560588,2000030238,Matias Fernandez-Pardo,6.3,NO
1000560591,153066,Fabio Carvalho,7.3,NO
1000560591,2000005001,Emiliano Martinez,7.5,YES
1000560591,2000005003,Wesley Fofana,6.8,YES
1000560591,2000005004,Valentin Barco,7.0,YES
1000560591,2000005005,Maxence Lacroix,6.8,YES
1000560591,2000005006,Levi Colwill,6.2,YES
1000560591,2000005007,Pedro Neto,6.1,YES
1000560591,2000005009,Cole Palmer,7.3,YES
1000560591,2000005011,Jordan Henderson,6.7,YES
1000560591,2000005012,Morgan Rogers,6.9,YES
1000560591,2000005013,Danny Welbeck,6.8,YES
1000560591,2000005016,Geovany Quenda,6.3,YES
1000560591,2000005020,Pep Chavarria,6.5,YES
1000560591,2000005021,Mahdi Nicoll-Jazuli,6.7,YES
1000560591,2000005022,Josh Acheampong,6.0,YES
1000560591,2000005024,Estevao,6.5,YES
1000560591,2000030001,Caoimhin Kelleher,7.4,NO
1000560591,2000030002,Keane Lewis-Potter,6.8,NO
1000560591,2000030003,Vitaly Janelt,7.5,NO
1000560591,2000030004,Michael Kayode,7.1,NO
1000560591,2000030005,Mamadou Sangare,6.9,NO
1000560591,2000030006,Igor Thiago,8.2,NO
1000560591,2000030008,Aaron Hickey,7.0,NO
1000560591,2000030009,Mikkel Damsgaard,7.1,NO
1000560591,2000030010,Jaidon Anthony,7.2,NO
1000560591,2000030011,Yehor Yarmoliuk,7.3,NO
1000560591,2000030012,Dango Ouattara,6.5,NO
1000560591,2000030094,Kevin Schade,7.4,NO
1000560591,2000030095,Kristoffer Ajer,7.2,NO
1000560591,2000030099,Jannik Schuster,8.5,NO
1000560591,2000030163,El Hadji Malick Diouf,6.7,NO
