fixture_id,match_date,club,role,player_id,name,source_name,statmuse_player_id
1000560572,2026-09-12,Crystal Palace FC,SUB_USED,2000030187,Ben Chilwell,Ben Chilwell,583
1000560572,2026-09-12,Crystal Palace FC,SUB_UNUSED,2000020097,Dwight McNeil,Dwight McNeil,1727
1000560572,2026-09-12,Crystal Palace FC,SUB_USED,2490,Jefferson Lerma,Jefferson Lerma,2863
1000560572,2026-09-12,Crystal Palace FC,SUB_UNUSED,2000030184,Remi Matthews,Remi Matthews,5277
1000560572,2026-09-12,Crystal Palace FC,SUB_USED,2000020108,Takehiro Tomiyasu,Takehiro Tomiyasu,6128
1000560572,2026-09-12,Crystal Palace FC,STARTER,2000020103,Tyrick Mitchell,Tyrick Mitchell,6393
1000560572,2026-09-12,Crystal Palace FC,SUB_USED,2000020117,Will Hughes,Will Hughes,6518
1000560572,2026-09-12,Crystal Palace FC,STARTER,2000030182,Axel Disasi,Axel Disasi,6892
1000560572,2026-09-12,Crystal Palace FC,STARTER,2000020099,Chris Richards,Chris Richards,6907
1000560572,2026-09-12,Crystal Palace FC,SUB_UNUSED,3339,Cheick Doucouré,Cheick Doucouré,6913
1000560572,2026-09-12,Crystal Palace FC,STARTER,2000020098,Adam Wharton,Adam Wharton,7594
1000560572,2026-09-12,Crystal Palace FC,STARTER,2000020106,Jørgen Strand Larsen,Jørgen Strand Larsen,7694
1000560572,2026-09-12,Crystal Palace FC,STARTER,2000020105,Yéremy Pino,Yeremi Pino,8218
1000560572,2026-09-12,Crystal Palace FC,SUB_UNUSED,2000020116,Óscar Mingueza,Óscar Mingueza,8240
1000560572,2026-09-12,Crystal Palace FC,STARTER,2000016001,Daichi Kamada,Daichi Kamada,23462
1000560572,2026-09-12,Crystal Palace FC,STARTER,2000030186,Honest Ahanor,Honest Ahanor,41793
1000560572,2026-09-12,Crystal Palace FC,STARTER,2000020114,Walter Benítez,Walter Benítez,45753
1000560572,2026-09-12,Crystal Palace FC,STARTER,2000030188,Quinten Timber,Quinten Timber,51017
1000560572,2026-09-12,Crystal Palace FC,STARTER,2000016002,Anan Khalaili,Anan Khalaili,51493
1000560572,2026-09-12,Crystal Palace FC,SUB_USED,2000030185,Zavier Gozo,Zavier Gozo,64894
1000560572,2026-09-12,Ipswich Town FC,SUB_UNUSED,2000020046,Cédric Kipré,Cédric Kipré,918
1000560572,2026-09-12,Ipswich Town FC,SUB_UNUSED,2000020044,Christian Walton,Christian Walton,1057
1000560572,2026-09-12,Ipswich Town FC,SUB_UNUSED,2000020027,Chuba Akpom,Chuba Akpom,1069
1000560572,2026-09-12,Ipswich Town FC,STARTER,2000020023,Dara O'Shea,Dara O'Shea,1369
1000560572,2026-09-12,Ipswich Town FC,STARTER,2000020022,Issa Diop,Issa Diop,2539
1000560572,2026-09-12,Ipswich Town FC,STARTER,2000011003,Jack Clarke,Jack Clarke,2567
1000560572,2026-09-12,Ipswich Town FC,SUB_USED,138931,Jaden Philogene-Bidace,Jaden Philogene,2609
1000560572,2026-09-12,Ipswich Town FC,STARTER,2000020019,Kjell Scherpen,Kjell Scherpen,3543
1000560572,2026-09-12,Ipswich Town FC,STARTER,2000020020,Leif Davis,Leif Davis,3696
1000560572,2026-09-12,Ipswich Town FC,STARTER,2000011002,Julio Enciso,Julio César Enciso,6864
1000560572,2026-09-12,Ipswich Town FC,STARTER,2000011004,Saša Lukić,Saša Lukić,6928
1000560572,2026-09-12,Ipswich Town FC,STARTER,2000020025,Abdul Fatawu Issahaku,Abdul Fatawu,7081
1000560572,2026-09-12,Ipswich Town FC,SUB_UNUSED,2000011005,Marcelino Núñez,Marcelino Núñez,7107
1000560572,2026-09-12,Ipswich Town FC,SUB_USED,2000030217,Florentino Ibrain Morris Luís,Florentino,8564
1000560572,2026-09-12,Ipswich Town FC,STARTER,2000020021,Jacob Greaves,Jacob Greaves,23479
1000560572,2026-09-12,Ipswich Town FC,STARTER,2000030218,Exequiel Palacios,Exequiel Palacios,28648
1000560572,2026-09-12,Ipswich Town FC,SUB_USED,2000020028,Abdoul Ouattara,Guimissongui Ouattara,46400
1000560572,2026-09-12,Ipswich Town FC,SUB_USED,2000020024,Daizen Maeda,Daizen Maeda,51566
1000560572,2026-09-12,Ipswich Town FC,SUB_USED,2000030219,Zian Flemming,Zian Flemming,61261
1000560572,2026-09-12,Ipswich Town FC,STARTER,2000011001,Emersonn,Emersonn,63759
1000560573,2026-09-12,Liverpool FC,SUB_USED,2000003010,Alexis Mac Allister,Alexis Mac Allister,261
1000560573,2026-09-12,Liverpool FC,STARTER,2000003001,Alisson Becker,Alisson,281
1000560573,2026-09-12,Liverpool FC,STARTER,2000003012,Kostas Tsimikas,Kostas Tsimikas,3552
1000560573,2026-09-12,Liverpool FC,STARTER,2000003004,Virgil van Dijk,Virgil van Dijk,6454
1000560573,2026-09-12,Liverpool FC,SUB_USED,2000003006,Milos Kerkez,Milos Kerkez,6809
1000560573,2026-09-12,Liverpool FC,STARTER,2000003020,Ryan Gravenberch,Ryan Gravenberch,6934
1000560573,2026-09-12,Liverpool FC,SUB_UNUSED,2000003003,Wataru Endo,Wataru Endō,6935
1000560573,2026-09-12,Liverpool FC,STARTER,2000003008,Dominik Szoboszlai,Dominik Szoboszlai,6937
1000560573,2026-09-12,Liverpool FC,SUB_USED,2000003011,Cody Gakpo,Cody Gakpo,6939
1000560573,2026-09-12,Liverpool FC,STARTER,2000003009,Alexander Isak,Alexander Isak,6988
1000560573,2026-09-12,Liverpool FC,SUB_UNUSED,2000003021,Trey Nyoni,Trey Nyoni,7533
1000560573,2026-09-12,Liverpool FC,SUB_UNUSED,2000003023,Lewis Koumas,Lewis Koumas,7549
1000560573,2026-09-12,Liverpool FC,SUB_UNUSED,2000003015,Giorgi Mamardashvili,Giorgi Mamardashvili,7639
1000560573,2026-09-12,Liverpool FC,STARTER,2000003019,Ronald Araujo,Ronald Araújo,8159
1000560573,2026-09-12,Liverpool FC,STARTER,2000003014,Victor Munoz,Víctor Muñoz,23717
1000560573,2026-09-12,Liverpool FC,SUB_USED,2000003024,Rio Ngumoha,Rio Ngumoha,23719
1000560573,2026-09-12,Liverpool FC,STARTER,2000003007,Florian Wirtz,Florian Wirtz,28647
1000560573,2026-09-12,Liverpool FC,SUB_USED,2000003018,Jeremie Frimpong,Jeremie Frimpong,28705
1000560573,2026-09-12,Liverpool FC,STARTER,2000003005,Jeremy Jacquet,Jérémy Jacquet,46559
1000560573,2026-09-12,Liverpool FC,STARTER,2000003017,Bradley Barcola,Bradley Barcola,47010
1000560573,2026-09-12,Fulham FC,STARTER,2000030136,Alex Iwobi,Alex Iwobi,226
1000560573,2026-09-12,Fulham FC,STARTER,2000030086,Antonee Robinson,Antonee Robinson,482
1000560573,2026-09-12,Fulham FC,STARTER,2000030138,Bernd Leno,Bernd Leno,657
1000560573,2026-09-12,Fulham FC,SUB_USED,2000030142,Emile Smith Rowe,Emile Smith Rowe,1823
1000560573,2026-09-12,Fulham FC,SUB_UNUSED,2729,Joachim Andersen,Joachim Andersen,2940
1000560573,2026-09-12,Fulham FC,SUB_USED,2000030140,Kenny Tete,Kenny Tete,3452
1000560573,2026-09-12,Fulham FC,STARTER,2000030089,Sander Berge,Sander Berge,5667
1000560573,2026-09-12,Fulham FC,STARTER,2000030084,Timothy Castagne,Timothy Castagne,6238
1000560573,2026-09-12,Fulham FC,STARTER,2000030087,Calvin Bassey,Calvin Bassey,6925
1000560573,2026-09-12,Fulham FC,SUB_USED,2000030085,Rodrigo Muniz,Rodrigo Muniz,6929
1000560573,2026-09-12,Fulham FC,STARTER,2000030093,Oscar Bobb,Oscar Bobb,6966
1000560573,2026-09-12,Fulham FC,STARTER,2000030092,Shea Charles,Shea Charles,7087
1000560573,2026-09-12,Fulham FC,STARTER,2000030083,Joshua King,Joshua King,7598
1000560573,2026-09-12,Fulham FC,STARTER,2000030082,Gonzalo García,Gonzalo García,7738
1000560573,2026-09-12,Fulham FC,SUB_UNUSED,2000030139,Benjamin Lecomte,Benjamin Lecomte,8245
1000560573,2026-09-12,Fulham FC,SUB_USED,2000030195,Hugo Larsson,Hugo Larsson,30909
1000560573,2026-09-12,Fulham FC,STARTER,2000030197,David Affengruber,David Affengruber,50931
1000560573,2026-09-12,Fulham FC,SUB_USED,2000030090,Kevin,Kevin,51842
1000560573,2026-09-12,Fulham FC,SUB_UNUSED,2000030091,César Palacios,César Palacios,64115
1000560573,2026-09-12,Fulham FC,SUB_UNUSED,2000030196,Manuel Ángel Morán Ibáñez,Manuel Ángel,64116
1000560574,2026-09-12,Aston Villa FC,STARTER,18846,Aaron Wan-Bissaka,Aaron Wan-Bissaka,21
1000560574,2026-09-12,Aston Villa FC,STARTER,2000030061,Emiliano Buendía,Emiliano Buendía,1824
1000560574,2026-09-12,Aston Villa FC,STARTER,2000030064,Ian Maatsen,Ian Maatsen,2468
1000560574,2026-09-12,Aston Villa FC,STARTER,2000030059,John McGinn,John McGinn,3072
1000560574,2026-09-12,Aston Villa FC,STARTER,2000030068,Ross Barkley,Ross Barkley,5494
1000560574,2026-09-12,Aston Villa FC,SUB_USED,2000030147,Tammy Abraham,Tammy Abraham,6136
1000560574,2026-09-12,Aston Villa FC,SUB_USED,2000030065,Tyrone Mings,Tyrone Mings,6396
1000560574,2026-09-12,Aston Villa FC,STARTER,2000030056,Victor Lindelöf,Victor Nilsson-Lindelöf,6430
1000560574,2026-09-12,Aston Villa FC,STARTER,2000030122,Boubacar Kamara,Boubacar Kamara,6833
1000560574,2026-09-12,Aston Villa FC,STARTER,2000030066,Pau Torres,Pau Torres,6836
1000560574,2026-09-12,Aston Villa FC,STARTER,283058,Nicolas Jackson,Nicolas Jackson,6903
1000560574,2026-09-12,Aston Villa FC,SUB_UNUSED,2000030060,Alejandro Garnacho,Alejandro Garnacho,6980
1000560574,2026-09-12,Aston Villa FC,SUB_UNUSED,2000030067,Lamare Bogarde,Lamare Bogarde,7173
1000560574,2026-09-12,Aston Villa FC,SUB_USED,2000030146,Johan Manzambi,Johan Manzambi,29016
1000560574,2026-09-12,Aston Villa FC,SUB_UNUSED,2000030063,Matteo Ruggeri,Matteo Ruggeri,41214
1000560574,2026-09-12,Aston Villa FC,STARTER,2000030124,Zion Suzuki,Zion Suzuki,41839
1000560574,2026-09-12,Aston Villa FC,SUB_UNUSED,2000030069,Marco Bizot,Marco Bizot,46437
1000560574,2026-09-12,Aston Villa FC,SUB_USED,2000030150,Ibrahim Mbaye,Ibrahim Mbaye,47101
1000560574,2026-09-12,Aston Villa FC,STARTER,2000030123,George Hemmings,George Hemmings,63378
1000560574,2026-09-12,Aston Villa FC,SUB_USED,2000030062,Alysson,Alysson,64054
1000560574,2026-09-12,Nottingham Forest FC,SUB_UNUSED,2000020077,Callum Hudson-Odoi,Callum Hudson-Odoi,832
1000560574,2026-09-12,Nottingham Forest FC,SUB_USED,2000020061,Chris Wood,Chris Wood,1031
1000560574,2026-09-12,Nottingham Forest FC,STARTER,2000013001,James McAtee,James Mcatee,2674
1000560574,2026-09-12,Nottingham Forest FC,STARTER,161948,Liam Delap,Liam Delap,3765
1000560574,2026-09-12,Nottingham Forest FC,STARTER,2000020052,Matz Sels,Matz Sels,4312
1000560574,2026-09-12,Nottingham Forest FC,STARTER,2000020055,Morgan Gibbs-White,Morgan Gibbs-White,4551
1000560574,2026-09-12,Nottingham Forest FC,STARTER,2000020053,Neco Williams,Neco Williams,4644
1000560574,2026-09-12,Nottingham Forest FC,STARTER,2000020060,Ola Aina,Ola Aina,4810
1000560574,2026-09-12,Nottingham Forest FC,SUB_UNUSED,19305,Ryan Yates,Ryan Yates,6994
1000560574,2026-09-12,Nottingham Forest FC,STARTER,2000013002,Murillo,Murillo,7002
1000560574,2026-09-12,Nottingham Forest FC,SUB_UNUSED,2000020076,Nicolás Domínguez,Nicolás Domínguez,7003
1000560574,2026-09-12,Nottingham Forest FC,SUB_USED,2000020054,Ibrahim Sangaré,Ibrahim Sangaré,7005
1000560574,2026-09-12,Nottingham Forest FC,STARTER,2000020095,Daniel Muñoz,Daniel Muñoz,7582
1000560574,2026-09-12,Nottingham Forest FC,STARTER,2000020063,Xaver Schlager,Xaver Schlager,28652
1000560574,2026-09-12,Nottingham Forest FC,SUB_UNUSED,2000020062,Luca Netz,Luca Netz,28661
1000560574,2026-09-12,Nottingham Forest FC,STARTER,2000020058,Dan Ndoye,Dan Ndoye,41528
1000560574,2026-09-12,Nottingham Forest FC,SUB_UNUSED,2000020064,Arnaud Kalimuendo,Arnaud Kalimuendo,46107
1000560574,2026-09-12,Nottingham Forest FC,STARTER,2000020074,Ousmane Diomande,Ousmane Diomandé,51532
1000560574,2026-09-12,Nottingham Forest FC,SUB_USED,2000020056,Igor Jesus,Igor Jesus,61243
1000560574,2026-09-12,Nottingham Forest FC,SUB_UNUSED,2000020073,John Victor,John,63514
1000560575,2026-09-12,Tottenham Hotspur FC,STARTER,2000030027,Andy Robertson,Andy Robertson,373
1000560575,2026-09-12,Tottenham Hotspur FC,SUB_UNUSED,2000030104,Ben Davies,Ben Davies,587
1000560575,2026-09-12,Tottenham Hotspur FC,SUB_UNUSED,2000030025,Conor Gallagher,Conor Gallagher,1149
1000560575,2026-09-12,Tottenham Hotspur FC,STARTER,2000030018,Dominic Solanke,Dominic Solanke,1692
1000560575,2026-09-12,Tottenham Hotspur FC,SUB_USED,2000030020,James Maddison,James Maddison,2672
1000560575,2026-09-12,Tottenham Hotspur FC,STARTER,2000030028,Jan Paul van Hecke,Jan Paul van Hecke,2763
1000560575,2026-09-12,Tottenham Hotspur FC,SUB_UNUSED,2000030102,Martin Dúbravka,Martin Dúbravka,4146
1000560575,2026-09-12,Tottenham Hotspur FC,SUB_USED,19145,Tosin Adarabioyo,Tosin Adarabioyo,6358
1000560575,2026-09-12,Tottenham Hotspur FC,SUB_UNUSED,2000030026,Marcos Senesi,Marcos Senesi,6812
1000560575,2026-09-12,Tottenham Hotspur FC,STARTER,2000030100,Sandro Tonali,Sandro Tonali,6985
1000560575,2026-09-12,Tottenham Hotspur FC,STARTER,152849,Micky van de Ven,Micky van de Ven,7019
1000560575,2026-09-12,Tottenham Hotspur FC,STARTER,2000030023,Rodrigo Bentancur,Rodrigo Bentancur,7023
1000560575,2026-09-12,Tottenham Hotspur FC,SUB_USED,15911,Mohammed Kudus,Mohammed Kudus,7034
1000560575,2026-09-12,Tottenham Hotspur FC,STARTER,2000030017,Archie Gray,Archie Gray,7069
1000560575,2026-09-12,Tottenham Hotspur FC,STARTER,2000030246,Sávio Moreira de Oliveira,Sávio,8189
1000560575,2026-09-12,Tottenham Hotspur FC,SUB_USED,2000030022,Lucas Bergvall,Lucas Bergvall,23453
1000560575,2026-09-12,Tottenham Hotspur FC,STARTER,2000030024,Mateus Fernandes,Mateus Fernandes,23536
1000560575,2026-09-12,Tottenham Hotspur FC,STARTER,2000030015,Antonín Kinský,Antonín Kinský,23739
1000560575,2026-09-12,Tottenham Hotspur FC,STARTER,2000030107,Omar Marmoush,Omar Marmoush,23763
1000560575,2026-09-12,Tottenham Hotspur FC,SUB_USED,2000030101,Mathys Tel,Mathys Tel,28823
1000560575,2026-09-12,Everton FC,STARTER,2000030191,Ainsley Maitland-Niles,Ainsley Maitland-Niles,139
1000560575,2026-09-12,Everton FC,SUB_USED,2000030029,Jack Grealish,Jack Grealish,2574
1000560575,2026-09-12,Everton FC,STARTER,2000020091,James Garner,James Garner,2662
1000560575,2026-09-12,Everton FC,STARTER,2000020089,James Tarkowski,James Tarkowski,2700
1000560575,2026-09-12,Everton FC,STARTER,2000015005,Jarrad Branthwaite,Jarrad Branthwaite,2780
1000560575,2026-09-12,Everton FC,STARTER,2000020085,Jordan Pickford,Jordan Pickford,3199
1000560575,2026-09-12,Everton FC,SUB_UNUSED,2000020109,Mark Travers,Mark Travers,4100
1000560575,2026-09-12,Everton FC,SUB_UNUSED,2000020111,Michael Keane,Michael Keane,4402
1000560575,2026-09-12,Everton FC,STARTER,2000020086,Vitaliy Mykolenko,Vitalii Mykolenko,6917
1000560575,2026-09-12,Everton FC,STARTER,2000020093,Brennan Johnson,Brennan Johnson,7021
1000560575,2026-09-12,Everton FC,SUB_UNUSED,2000030190,Tom King,Thomas King,7038
1000560575,2026-09-12,Everton FC,STARTER,2000015001,Kiernan Dewsbury-Hall,Kiernan Dewsbury Hall,7083
1000560575,2026-09-12,Everton FC,SUB_UNUSED,2000020094,Carlos Alcaraz,Carlos Alcaraz,7089
1000560575,2026-09-12,Everton FC,SUB_UNUSED,2000020113,Tyler Dibling,Tyler Dibling,7091
1000560575,2026-09-12,Everton FC,SUB_USED,2000020112,Jake O'Brien,Jake O'Brien,7126
1000560575,2026-09-12,Everton FC,STARTER,2000020087,Tyrique George,Tyrique George,7628
1000560575,2026-09-12,Everton FC,STARTER,2000015004,Harrison Armstrong,Harrison Armstrong,23516
1000560575,2026-09-12,Everton FC,STARTER,2000015002,Thierno Barry,Thierno Barry,23539
1000560575,2026-09-12,Everton FC,SUB_UNUSED,2000030192,Braiden Graham,Braiden Graham,64041
1000560575,2026-09-12,Everton FC,SUB_USED,2000020088,Hayden Hackney,Hayden Hackney,64728
1000560576,2026-09-12,AFC Bournemouth,STARTER,2000030108,Adam Smith,Adam Smith,84
1000560576,2026-09-12,AFC Bournemouth,SUB_USED,2000030115,David Brooks,David Brooks,1438
1000560576,2026-09-12,AFC Bournemouth,SUB_USED,2000030037,Lewis Cook,Lewis Cook,3738
1000560576,2026-09-12,AFC Bournemouth,STARTER,2000030031,Marcus Tavernier,Marcus Tavernier,6814
1000560576,2026-09-12,AFC Bournemouth,SUB_USED,1125,Ryan Christie,Ryan Christie,6815
1000560576,2026-09-12,AFC Bournemouth,STARTER,2000030036,Tyler Adams,Tyler Adams,6816
1000560576,2026-09-12,AFC Bournemouth,STARTER,2000030110,Alex Scott,Alex Scott,6819
1000560576,2026-09-12,AFC Bournemouth,STARTER,2000030039,Justin Kluivert,Justin Kluivert,6820
1000560576,2026-09-12,AFC Bournemouth,STARTER,2000030030,Đorđe Petrović,Đorđe Petrović,6887
1000560576,2026-09-12,AFC Bournemouth,SUB_USED,2000030034,Ben Gannon-Doak,Ben Gannon-Doak,6940
1000560576,2026-09-12,AFC Bournemouth,STARTER,2000030109,James Hill,James Hill,7054
1000560576,2026-09-12,AFC Bournemouth,SUB_USED,2000030116,Álvaro Rodriguez,Álvaro Rodríguez,8232
1000560576,2026-09-12,AFC Bournemouth,STARTER,2000030032,Evanilson,Evanilson,23528
1000560576,2026-09-12,AFC Bournemouth,SUB_UNUSED,2000030154,Julio Soler Barreto,Julio Soler,23741
1000560576,2026-09-12,AFC Bournemouth,SUB_UNUSED,2000030157,Michele Di Gregorio,Michele Di Gregorio,41311
1000560576,2026-09-12,AFC Bournemouth,SUB_UNUSED,2000030113,Bafodé Diakité,Bafodé Diakité,46071
1000560576,2026-09-12,AFC Bournemouth,STARTER,2000030111,Adrien Truffert,Adrien Truffert,46258
1000560576,2026-09-12,AFC Bournemouth,STARTER,2000030035,António Silva,António Silva,51517
1000560576,2026-09-12,AFC Bournemouth,SUB_UNUSED,2000030038,Alex Tóth,Alex Tóth,64141
1000560576,2026-09-12,AFC Bournemouth,STARTER,2000030033,Rayan,Rayan,64199
1000560576,2026-09-12,Brentford FC,SUB_UNUSED,2000030007,Callum Wilson,Callum Wilson,847
1000560576,2026-09-12,Brentford FC,STARTER,2000030001,Caoimhin Kelleher,Caoimhin Kelleher,870
1000560576,2026-09-12,Brentford FC,STARTER,2000030095,Kristoffer Ajer,Kristoffer Ajer,3560
1000560576,2026-09-12,Brentford FC,SUB_UNUSED,2000030097,Rico Henry,Rico Henry,5362
1000560576,2026-09-12,Brentford FC,STARTER,2000030003,Vitaly Janelt,Vitaly Janelt,6456
1000560576,2026-09-12,Brentford FC,SUB_USED,2000030012,Dango Ouattara,Dango Ouattara,6822
1000560576,2026-09-12,Brentford FC,STARTER,2000030008,Aaron Hickey,Aaron Hickey,6846
1000560576,2026-09-12,Brentford FC,STARTER,2000030011,Yehor Yarmoliuk,Yehor Yarmoliuk,6849
1000560576,2026-09-12,Brentford FC,STARTER,2000030094,Kevin Schade,Kevin Schade,6851
1000560576,2026-09-12,Brentford FC,SUB_USED,2000030009,Mikkel Damsgaard,Mikkel Damsgaard,6852
1000560576,2026-09-12,Brentford FC,STARTER,2000030002,Keane Lewis-Potter,Keane Lewis-Potter,6853
1000560576,2026-09-12,Brentford FC,STARTER,2000030010,Jaidon Anthony,Jaidon Anthony,7053
1000560576,2026-09-12,Brentford FC,SUB_UNUSED,153066,Fabio Carvalho,Fabio Carvalho,7244
1000560576,2026-09-12,Brentford FC,SUB_UNUSED,2000030096,Hákon Rafn Valdimarsson,Hákon Rafn Valdimarsson,7578
1000560576,2026-09-12,Brentford FC,STARTER,2000030006,Igor Thiago,Igor Thiago,23448
1000560576,2026-09-12,Brentford FC,SUB_UNUSED,2000030164,Gustavo Nunes Fernandes Gomes,Gustavo Nunes,23569
1000560576,2026-09-12,Brentford FC,SUB_USED,2000030004,Michael Kayode,Michael Kayode,23764
1000560576,2026-09-12,Brentford FC,STARTER,2000030099,Jannik Schuster,Jannik Schuster,51850
1000560576,2026-09-12,Brentford FC,SUB_USED,2000030163,El Hadji Malick Diouf,El Hadji Malick Diouf,63124
1000560576,2026-09-12,Brentford FC,STARTER,2000030005,Mamadou Sangare,Mamadou Sangaré,63477
1000560577,2026-09-12,Sunderland AFC,STARTER,2000012002,Granit Xhaka,Granit Xhaka,2299
1000560577,2026-09-12,Sunderland AFC,STARTER,2000030103,Kevin Danso,Kevin Danso,3466
1000560577,2026-09-12,Sunderland AFC,SUB_UNUSED,2000020040,Omar Alderete,Omar Alderete,8110
1000560577,2026-09-12,Sunderland AFC,STARTER,2000020034,Reinildo Mandava,Reinildo,8146
1000560577,2026-09-12,Sunderland AFC,STARTER,2000020038,Brian Brobbey,Brian Brobbey,28759
1000560577,2026-09-12,Sunderland AFC,STARTER,2000020049,Nordi Mukiele,Nordi Mukiele,30491
1000560577,2026-09-12,Sunderland AFC,STARTER,2000020031,Thomas Meunier,Thomas Meunier,30651
1000560577,2026-09-12,Sunderland AFC,STARTER,2000020037,Enzo Le Fée,Enzo Le Fée,41766
1000560577,2026-09-12,Sunderland AFC,SUB_USED,2000020041,Wilson Isidor,Wilson Isidor,46077
1000560577,2026-09-12,Sunderland AFC,SUB_USED,2000030254,Malick Fofana,Malick Fofana,46774
1000560577,2026-09-12,Sunderland AFC,SUB_UNUSED,2000030252,Dayann Méthalie,Dayann Methalie,47165
1000560577,2026-09-12,Sunderland AFC,SUB_UNUSED,2000020048,Melker Ellborg,Melker Ellborg,51278
1000560577,2026-09-12,Sunderland AFC,SUB_UNUSED,2000020039,Chemsdine Talbi,Chemsdine Talbi,51380
1000560577,2026-09-12,Sunderland AFC,STARTER,2000020036,Noah Sadiki,Noah Sadiki,61211
1000560577,2026-09-12,Sunderland AFC,STARTER,2000020032,Daniel Ballard,Daniel Ballard,61215
1000560577,2026-09-12,Sunderland AFC,SUB_UNUSED,2000020035,Trai Hume,Trai Hume,61218
1000560577,2026-09-12,Sunderland AFC,SUB_UNUSED,2000020033,Luke O'Nien,Luke O'Nien,61234
1000560577,2026-09-12,Sunderland AFC,SUB_UNUSED,2000020042,Chris Rigg,Chris Rigg,61236
1000560577,2026-09-12,Sunderland AFC,STARTER,2000020030,Robin Roefs,Robin Roefs,63219
1000560577,2026-09-12,Sunderland AFC,STARTER,2000012001,Nilson Angulo,Nilson Angulo,64215
1000560577,2026-09-12,Arsenal FC,STARTER,2000001004,Ben White,Ben White,621
1000560577,2026-09-12,Arsenal FC,STARTER,2000001007,Bukayo Saka,Bukayo Saka,816
1000560577,2026-09-12,Arsenal FC,STARTER,2000001014,Christos Tzolis,Christos Tzolis,1068
1000560577,2026-09-12,Arsenal FC,STARTER,2000001001,David Raya,David Raya,1516
1000560577,2026-09-12,Arsenal FC,STARTER,2000001023,Declan Rice,Declan Rice,1581
1000560577,2026-09-12,Arsenal FC,SUB_USED,2000001009,Eberechi Eze,Eberechi Eze,1737
1000560577,2026-09-12,Arsenal FC,STARTER,2000001013,Ezri Konsa,Ezri Konsa,1901
1000560577,2026-09-12,Arsenal FC,STARTER,2000001006,Gabriel Magalhaes,Gabriel Magalhães,2054
1000560577,2026-09-12,Arsenal FC,STARTER,2000001018,Kai Havertz,Kai Havertz,3366
1000560577,2026-09-12,Arsenal FC,SUB_UNUSED,2000001011,Kepa Arrizabalaga,Kepa Arrizabalaga,3455
1000560577,2026-09-12,Arsenal FC,STARTER,2000001008,Martin Odegaard,Martin Ødegaard,4160
1000560577,2026-09-12,Arsenal FC,SUB_USED,2000001017,Mikel Merino,Mikel Merino,4499
1000560577,2026-09-12,Arsenal FC,SUB_UNUSED,2000001012,Viktor Gyokeres,Viktor Gyökeres,6437
1000560577,2026-09-12,Arsenal FC,SUB_USED,2000001010,Jurrien Timber,Jurriën Timber,6825
1000560577,2026-09-12,Arsenal FC,SUB_UNUSED,2000001015,Noni Madueke,Noni Madueke,6905
1000560577,2026-09-12,Arsenal FC,SUB_USED,2000001022,Bruno Guimaraes,Bruno Guimarães,6987
1000560577,2026-09-12,Arsenal FC,STARTER,2000001024,Myles Lewis-Skelly,Myles Lewis-Skelly,7537
1000560577,2026-09-12,Arsenal FC,SUB_USED,2000001021,Martin Zubimendi,Martín Zubimendi,8084
1000560577,2026-09-12,Arsenal FC,STARTER,2000001020,Riccardo Calafiori,Riccardo Calafiori,23492
1000560577,2026-09-12,Arsenal FC,SUB_UNUSED,2000001005,Piero Hincapie,Piero Hincapié,28756
1000560581,2026-09-12,Chelsea FC,STARTER,2000005009,Cole Palmer,Cole Palmer,1110
1000560581,2026-09-12,Chelsea FC,SUB_USED,2000005013,Danny Welbeck,Danny Welbeck,1361
1000560581,2026-09-12,Chelsea FC,STARTER,2000005001,Emiliano Martinez,Emiliano Martínez,1827
1000560581,2026-09-12,Chelsea FC,STARTER,2000005008,Joao Pedro,João Pedro,2947
1000560581,2026-09-12,Chelsea FC,STARTER,2000005012,Morgan Rogers,Morgan Rogers,4552
1000560581,2026-09-12,Chelsea FC,STARTER,2000005007,Pedro Neto,Pedro Neto,5073
1000560581,2026-09-12,Chelsea FC,STARTER,2000005017,Reece James,Reece James,5261
1000560581,2026-09-12,Chelsea FC,STARTER,2000005025,Romeo Lavia,Roméo Lavia,5471
1000560581,2026-09-12,Chelsea FC,STARTER,2000005003,Wesley Fofana,Wesley Fofana,6507
1000560581,2026-09-12,Chelsea FC,STARTER,2000005019,Malo Gusto,Malo Gusto,6893
1000560581,2026-09-12,Chelsea FC,STARTER,2000005006,Levi Colwill,Levi Colwill,6894
1000560581,2026-09-12,Chelsea FC,SUB_USED,2000005004,Valentin Barco,Valentín Barco,7573
1000560581,2026-09-12,Chelsea FC,SUB_UNUSED,2000005022,Josh Acheampong,Joshua Acheampong,7619
1000560581,2026-09-12,Chelsea FC,SUB_USED,2000005020,Pep Chavarria,Pep Chavarría,8127
1000560581,2026-09-12,Chelsea FC,SUB_USED,2000005005,Maxence Lacroix,Maxence Lacroix,23583
1000560581,2026-09-12,Chelsea FC,SUB_UNUSED,2000005010,Jamie Bynoe-Gittens,Jamie Gittens,28751
1000560581,2026-09-12,Chelsea FC,STARTER,2000005014,Jorrel Hato,Jorrel Hato,51503
1000560581,2026-09-12,Chelsea FC,SUB_UNUSED,2000005016,Geovany Quenda,Geovany Quenda,52012
1000560581,2026-09-12,Chelsea FC,SUB_UNUSED,2000005023,Mike Penders,Mike Penders,61207
1000560581,2026-09-12,Chelsea FC,SUB_USED,2000005024,Estevao,Estevão,63142
1000560581,2026-09-12,Hull City AFC,STARTER,2000010005,John Egan,John Egan,3042
1000560581,2026-09-12,Hull City AFC,SUB_UNUSED,2000020014,Matt Targett,Matt Targett,4257
1000560581,2026-09-12,Hull City AFC,STARTER,2000020008,Oli McBurnie,Oliver McBurnie,4826
1000560581,2026-09-12,Hull City AFC,STARTER,2000010004,Regan Slater,Regan Slater,5269
1000560581,2026-09-12,Hull City AFC,STARTER,2000020005,Ryan Giles,Ryan Giles,5560
1000560581,2026-09-12,Hull City AFC,STARTER,2000010002,Semi Ajayi,Semi Ajayi,5772
1000560581,2026-09-12,Hull City AFC,SUB_USED,284500,Tim Iroegbunam,Tim Iroegbunam,6228
1000560581,2026-09-12,Hull City AFC,SUB_USED,2000030207,Mohamed-Ali Cho,Mohamed Ali Cho,7672
1000560581,2026-09-12,Hull City AFC,STARTER,2000010003,Nobel Mendy,Nobel Mendy,7773
1000560581,2026-09-12,Hull City AFC,SUB_USED,2000030210,Brooke Norton-Cuffy,Brooke Norton-Cuffy,41789
1000560581,2026-09-12,Hull City AFC,SUB_UNUSED,2000020016,Lucas Gourna-Douath,Lucas Gourna Douath,46200
1000560581,2026-09-12,Hull City AFC,SUB_USED,2000030209,Robinio Vaz,Robinio Vaz,47110
1000560581,2026-09-12,Hull City AFC,SUB_USED,2000030211,Sorba Thomas,Sorba Thomas,47202
1000560581,2026-09-12,Hull City AFC,STARTER,2000010001,Konstantinos Tzolakis,Kostas Tzolakis,50815
1000560581,2026-09-12,Hull City AFC,SUB_UNUSED,2000020015,Dillon Phillips,Dillon Phillips,64493
1000560581,2026-09-12,Hull City AFC,STARTER,2000020004,Lewie Coyle,Lewie Coyle,64499
1000560581,2026-09-12,Hull City AFC,STARTER,2000020007,Matt Crooks,Matty Crooks,64519
1000560581,2026-09-12,Hull City AFC,STARTER,2000020009,Mohamed Belloumi,Bachir Belloumi,64523
1000560581,2026-09-12,Hull City AFC,STARTER,2000020006,Elliot Stroud,Elliot Stroud,64821
1000560581,2026-09-12,Hull City AFC,SUB_USED,2000020010,Lucas Herrington,Lucas Herrington,64851
1000560578,2026-09-13,Coventry City FC,STARTER,2000002003,Bobby Thomas,Bobby Thomas,703
1000560578,2026-09-13,Coventry City FC,STARTER,2000002001,Ethan Pinnock,Ethan Pinnock,1888
1000560578,2026-09-13,Coventry City FC,STARTER,2000002014,Frank Onyeka,Frank Onyeka,2013
1000560578,2026-09-13,Coventry City FC,STARTER,2000002005,Matt Grimes,Matt Grimes,4239
1000560578,2026-09-13,Coventry City FC,STARTER,2000002013,Taiwo Awoniyi,Taiwo Awoniyi,6127
1000560578,2026-09-13,Coventry City FC,SUB_UNUSED,2000002028,Gustavo Hamer,Gustavo Hamer,7011
1000560578,2026-09-13,Coventry City FC,SUB_UNUSED,2000002022,Dan Bentley,Daniel Bentley,7039
1000560578,2026-09-13,Coventry City FC,STARTER,2000002016,Carl Rushworth,Carl Rushworth,23366
1000560578,2026-09-13,Coventry City FC,STARTER,2000002021,Aurele Amenda,Aurèle Amenda,30971
1000560578,2026-09-13,Coventry City FC,SUB_UNUSED,2000002015,Loum Tchaouna,Loum Tchaouna,41695
1000560578,2026-09-13,Coventry City FC,SUB_USED,2000002029,Sidiki Cherif,Sidiki Cherif,47186
1000560578,2026-09-13,Coventry City FC,SUB_USED,2000002026,Victor Torp,Victor Torp,50953
1000560578,2026-09-13,Coventry City FC,SUB_UNUSED,2000002011,Stephen Mfuni,Stephen Mfuni,63781
1000560578,2026-09-13,Coventry City FC,STARTER,2000002024,Milan van Ewijk,Milan van Ewijk,64500
1000560578,2026-09-13,Coventry City FC,STARTER,2000002002,Jay Dasilva,Jay Dasilva,64503
1000560578,2026-09-13,Coventry City FC,SUB_USED,2000002020,Brandon Thomas-Asante,Brandon Thomas-Asante,64512
1000560578,2026-09-13,Coventry City FC,STARTER,2000002004,Jack Rudoni,Jack Rudoni,64514
1000560578,2026-09-13,Coventry City FC,SUB_UNUSED,2000002006,Tatsuhiro Sakamoto,Tatsuhiro Sakamoto,64515
1000560578,2026-09-13,Coventry City FC,STARTER,2000002009,Ephron Mason-Clark,Ephron Mason-Clark,64517
1000560578,2026-09-13,Coventry City FC,SUB_USED,2000002007,Caleb Yirenkyi,Caleb Yirenkyi,64822
1000560578,2026-09-13,Brighton & Hove Albion FC,SUB_UNUSED,2000030118,Jason Steele,Jason Steele,2810
1000560578,2026-09-13,Brighton & Hove Albion FC,STARTER,2000030045,Lewis Dunk,Lewis Dunk,3740
1000560578,2026-09-13,Brighton & Hove Albion FC,SUB_USED,2000030169,Matt O'Riley,Matt O'Riley,4250
1000560578,2026-09-13,Brighton & Hove Albion FC,STARTER,2000030049,Pascal Groß,Pascal Groß,4916
1000560578,2026-09-13,Brighton & Hove Albion FC,SUB_USED,2000030119,Pascal Struijk,Pascal Struijk,4917
1000560578,2026-09-13,Brighton & Hove Albion FC,STARTER,2000030055,Bart Verbruggen,Bart Verbruggen,6856
1000560578,2026-09-13,Brighton & Hove Albion FC,STARTER,2000030048,Yasin Ayari,Yasin Ayari,7120
1000560578,2026-09-13,Brighton & Hove Albion FC,SUB_USED,2000030052,Ibrahim Osman,Ibrahim Osman,23449
1000560578,2026-09-13,Brighton & Hove Albion FC,STARTER,2000030054,Malick Yalcouyé,Malick Yalcouyé,23477
1000560578,2026-09-13,Brighton & Hove Albion FC,STARTER,2000030167,Ferdi Kadıoğlu,Ferdi Kadıoğlu,23570
1000560578,2026-09-13,Brighton & Hove Albion FC,SUB_USED,2000030259,Chema Andrés,Chema,23599
1000560578,2026-09-13,Brighton & Hove Albion FC,STARTER,2000030043,Diego Gómez,Diego Gómez,23730
1000560578,2026-09-13,Brighton & Hove Albion FC,STARTER,2000030117,Olivier Boscagli,Olivier Boscagli,45528
1000560578,2026-09-13,Brighton & Hove Albion FC,SUB_UNUSED,2000030173,Jaouen Hadjam,Jaouen Hadjam,46674
1000560578,2026-09-13,Brighton & Hove Albion FC,STARTER,2000030042,Maxim De Cuyper,Maxim De Cuyper,50704
1000560578,2026-09-13,Brighton & Hove Albion FC,STARTER,2000030046,Luka Vušković,Luka Vušković,61216
1000560578,2026-09-13,Brighton & Hove Albion FC,STARTER,2000030051,Charalampos Kostoulas,Charalampos Kostoulas,61255
1000560578,2026-09-13,Brighton & Hove Albion FC,SUB_USED,2000030050,Costinha,Costinha,63578
1000560578,2026-09-13,Brighton & Hove Albion FC,SUB_UNUSED,2000030121,Promise David,Promise David,63661
1000560578,2026-09-13,Brighton & Hove Albion FC,SUB_UNUSED,2000030176,Younes Ibrahim,Younes Ibrahim,65211
1000560579,2026-09-14,Leeds United FC,SUB_USED,2000020083,Daniel James,Daniel James,1289
1000560579,2026-09-14,Leeds United FC,STARTER,2000020067,Dominic Calvert-Lewin,Dominic Calvert-Lewin,1686
1000560579,2026-09-14,Leeds United FC,STARTER,2000020068,Ethan Ampadu,Ethan Ampadu,1882
1000560579,2026-09-14,Leeds United FC,SUB_USED,2000020066,Harry Wilson,Harry Wilson,2377
1000560579,2026-09-14,Leeds United FC,STARTER,2000014004,James Justin,James Justin,2669
1000560579,2026-09-14,Leeds United FC,STARTER,2000014002,James Trafford,James Trafford,2705
1000560579,2026-09-14,Leeds United FC,STARTER,2000020065,Jayden Bogle,Jayden Bogle,2838
1000560579,2026-09-14,Leeds United FC,SUB_USED,2000020084,Lukas Nmecha,Lukas Nmecha,3861
1000560579,2026-09-14,Leeds United FC,SUB_USED,2000020072,Sean Longstaff,Sean Longstaff,5737
1000560579,2026-09-14,Leeds United FC,SUB_USED,2000020069,Brenden Aaronson,Brenden Aaronson,7228
1000560579,2026-09-14,Leeds United FC,STARTER,2000014001,Anton Stach,Anton Stach,28777
1000560579,2026-09-14,Leeds United FC,SUB_UNUSED,2000030226,Jean-Mattéo Bahoya,Jean Mattéo Bahoya,28915
1000560579,2026-09-14,Leeds United FC,SUB_UNUSED,2000030224,Michael Zetterer,Michael Zetterer,30243
1000560579,2026-09-14,Leeds United FC,STARTER,2000020080,Nico Elvedi,Nico Elvedi,30285
1000560579,2026-09-14,Leeds United FC,SUB_UNUSED,2000014003,Jaka Bijol,Jaka Bijol,41332
1000560579,2026-09-14,Leeds United FC,STARTER,2000020071,Noah Okafor,Noah Okafor,41496
1000560579,2026-09-14,Leeds United FC,SUB_USED,2000030225,Melvin Bard,Melvin Bard,46138
1000560579,2026-09-14,Leeds United FC,STARTER,2000030220,Gabriel Gudmundsson,Gabriel Gudmundsson,47011
1000560579,2026-09-14,Leeds United FC,STARTER,2000020070,Tarik Muharemović,Tarik Muharemović,48985
1000560579,2026-09-14,Leeds United FC,STARTER,2000020082,Ao Tanaka,Ao Tanaka,61224
1000560579,2026-09-14,Newcastle United FC,SUB_UNUSED,2000030075,Fabian Schär,Fabian Schär,1906
1000560579,2026-09-14,Newcastle United FC,STARTER,2000030129,Harvey Barnes,Harvey Barnes,2380
1000560579,2026-09-14,Newcastle United FC,STARTER,2000030076,Jacob Murphy,Jacob Murphy,2604
1000560579,2026-09-14,Newcastle United FC,SUB_UNUSED,2000030079,Jacob Ramsey,Jacob Ramsey,2605
1000560579,2026-09-14,Newcastle United FC,SUB_USED,2000030071,Joe Willock,Joe Willock,3254
1000560579,2026-09-14,Newcastle United FC,SUB_UNUSED,18911,Nick Pope,Nick Pope,4711
1000560579,2026-09-14,Newcastle United FC,SUB_USED,158694,Valentino Livramento,Tino Livramento,6411
1000560579,2026-09-14,Newcastle United FC,STARTER,2000030072,Yoane Wissa,Yoane Wissa,6578
1000560579,2026-09-14,Newcastle United FC,STARTER,2000030130,Sven Botman,Sven Botman,6983
1000560579,2026-09-14,Newcastle United FC,STARTER,2000030128,Lewis Hall,Lewis Hall,6984
1000560579,2026-09-14,Newcastle United FC,STARTER,2000030078,Lewis Miley,Lewis Miley,6986
1000560579,2026-09-14,Newcastle United FC,STARTER,2000030106,Nico González,Nico González,8422
1000560579,2026-09-14,Newcastle United FC,STARTER,2000030131,Malick Thiaw,Malick Thiaw,30606
1000560579,2026-09-14,Newcastle United FC,SUB_USED,2000030077,Aladji Bamba,Aladji Bamba,47115
1000560579,2026-09-14,Newcastle United FC,STARTER,2000030238,Matias Fernandez-Pardo,Matias Fernandez-Pardo,47119
1000560579,2026-09-14,Newcastle United FC,STARTER,2000030081,Amar Dedić,Amar Dedić,48540
1000560579,2026-09-14,Newcastle United FC,SUB_USED,2000030134,Bazoumana Touré,Bazoumana Touré,48723
1000560579,2026-09-14,Newcastle United FC,STARTER,2000030074,Lukáš Horníček,Lukáš Horníček,51721
1000560579,2026-09-14,Newcastle United FC,SUB_USED,2000030080,Sean Steur,Sean Steur,63710
1000560579,2026-09-14,Newcastle United FC,SUB_UNUSED,2000030239,Mason Miley,Mason Miley,65217
