fixture_id,player_id,rating
1000560572,2490,6.5
1000560572,138931,6.1
1000560572,2000011001,7.7
1000560572,2000011002,6.6
1000560572,2000011003,6.6
1000560572,2000011004,6.4
1000560572,2000016001,7.4
1000560572,2000016002,7.5
1000560572,2000020019,5.7
1000560572,2000020020,7.1
1000560572,2000020021,6.5
1000560572,2000020022,6.8
1000560572,2000020023,6.4
1000560572,2000020024,6.1
1000560572,2000020025,6.5
1000560572,2000020028,6.8
1000560572,2000020098,6.7
1000560572,2000020099,6.3
1000560572,2000020103,6.5
1000560572,2000020105,6.5
1000560572,2000020106,7.7
1000560572,2000020108,6.7
1000560572,2000020114,7.6
1000560572,2000020117,6.5
1000560572,2000030182,5.2
1000560572,2000030185,6.3
1000560572,2000030186,6.7
1000560572,2000030187,6.4
1000560572,2000030188,7.9
1000560572,2000030217,6.6
1000560572,2000030218,7.0
1000560572,2000030219,7.0
1000560573,2000003001,7.9
1000560573,2000003004,7.3
1000560573,2000003005,8.5
1000560573,2000003006,7.0
1000560573,2000003007,7.0
1000560573,2000003008,7.2
1000560573,2000003009,6.8
1000560573,2000003010,6.7
1000560573,2000003011,6.5
1000560573,2000003012,6.4
1000560573,2000003014,7.1
1000560573,2000003017,6.7
1000560573,2000003018,7.0
1000560573,2000003019,6.8
1000560573,2000003020,7.0
1000560573,2000003024,6.5
1000560573,2000030082,6.0
1000560573,2000030083,7.4
1000560573,2000030084,6.7
1000560573,2000030085,6.4
1000560573,2000030086,6.6
1000560573,2000030087,7.3
1000560573,2000030089,6.9
1000560573,2000030090,6.6
1000560573,2000030092,7.2
1000560573,2000030093,6.7
1000560573,2000030136,6.8
1000560573,2000030138,7.5
1000560573,2000030140,6.4
1000560573,2000030142,6.6
1000560573,2000030195,6.6
1000560573,2000030197,6.9
1000560574,18846,6.9
1000560574,161948,7.1
1000560574,283058,6.5
1000560574,2000013001,7.4
1000560574,2000013002,6.7
1000560574,2000020052,7.5
1000560574,2000020053,6.6
1000560574,2000020054,6.6
1000560574,2000020055,7.4
1000560574,2000020056,7.6
1000560574,2000020058,6.7
1000560574,2000020060,6.8
1000560574,2000020063,7.5
1000560574,2000020074,6.9
1000560574,2000020095,8.0
1000560574,2000030056,6.5
1000560574,2000030059,7.1
1000560574,2000030061,6.3
1000560574,2000030062,7.4
1000560574,2000030064,6.5
1000560574,2000030065,7.3
1000560574,2000030066,6.9
1000560574,2000030068,6.8
1000560574,2000030122,7.1
1000560574,2000030123,6.4
1000560574,2000030124,7.3
1000560574,2000030146,6.5
1000560574,2000030147,6.4
1000560574,2000030150,6.7
1000560575,15911,7.0
1000560575,19145,6.8
1000560575,152849,7.1
1000560575,2000015001,7.1
1000560575,2000015002,6.6
1000560575,2000015004,6.6
1000560575,2000015005,7.5
1000560575,2000020085,7.0
1000560575,2000020086,7.7
1000560575,2000020087,6.6
1000560575,2000020088,6.6
1000560575,2000020089,7.5
1000560575,2000020091,8.3
1000560575,2000020093,6.9
1000560575,2000020112,6.7
1000560575,2000030015,7.9
1000560575,2000030017,7.0
1000560575,2000030018,6.1
1000560575,2000030020,6.7
1000560575,2000030022,7.2
1000560575,2000030023,7.3
1000560575,2000030024,6.7
1000560575,2000030027,6.9
1000560575,2000030028,8.2
1000560575,2000030029,6.7
1000560575,2000030100,7.6
1000560575,2000030101,6.8
1000560575,2000030107,6.3
1000560575,2000030191,7.1
1000560575,2000030246,7.0
1000560576,1125,6.4
1000560576,2000030001,7.0
1000560576,2000030002,6.2
1000560576,2000030003,6.9
1000560576,2000030004,6.7
1000560576,2000030005,7.5
1000560576,2000030006,5.9
1000560576,2000030008,6.6
1000560576,2000030009,6.6
1000560576,2000030010,6.5
1000560576,2000030011,6.4
1000560576,2000030012,6.5
1000560576,2000030030,5.1
1000560576,2000030031,8.3
1000560576,2000030032,6.5
1000560576,2000030033,6.7
1000560576,2000030034,7.2
1000560576,2000030035,6.5
1000560576,2000030036,6.6
1000560576,2000030037,6.6
1000560576,2000030039,7.4
1000560576,2000030094,8.5
1000560576,2000030095,6.1
1000560576,2000030099,6.9
1000560576,2000030108,6.6
1000560576,2000030109,6.5
1000560576,2000030110,6.8
1000560576,2000030111,7.1
1000560576,2000030115,6.4
1000560576,2000030163,7.0
1000560577,2000001001,8.9
1000560577,2000001004,6.8
1000560577,2000001006,8.0
1000560577,2000001007,8.1
1000560577,2000001008,7.5
1000560577,2000001009,6.5
1000560577,2000001010,6.7
1000560577,2000001013,7.3
1000560577,2000001014,6.9
1000560577,2000001017,6.4
1000560577,2000001018,6.2
1000560577,2000001020,6.5
1000560577,2000001021,6.8
1000560577,2000001022,7.9
1000560577,2000001023,7.8
1000560577,2000001024,6.4
1000560577,2000012001,6.3
1000560577,2000012002,7.4
1000560577,2000020030,6.9
1000560577,2000020031,6.7
1000560577,2000020032,6.5
1000560577,2000020034,6.1
1000560577,2000020036,6.7
1000560577,2000020037,6.3
1000560577,2000020038,6.1
1000560577,2000020041,6.3
1000560577,2000020049,6.4
1000560577,2000030103,6.7
1000560577,2000030254,6.4
1000560578,2000002001,5.6
1000560578,2000002002,6.4
1000560578,2000002003,5.5
1000560578,2000002004,8.5
1000560578,2000002005,6.8
1000560578,2000002007,6.3
1000560578,2000002009,6.4
1000560578,2000002013,5.4
1000560578,2000002014,6.9
1000560578,2000002016,6.2
1000560578,2000002020,6.6
1000560578,2000002021,6.0
1000560578,2000002024,7.1
1000560578,2000002026,6.4
1000560578,2000002029,6.6
1000560578,2000030042,6.9
1000560578,2000030043,6.6
1000560578,2000030045,9.1
1000560578,2000030046,7.4
1000560578,2000030048,7.8
1000560578,2000030049,8.7
1000560578,2000030050,6.6
1000560578,2000030051,7.7
1000560578,2000030052,6.5
1000560578,2000030054,7.8
1000560578,2000030055,9.8
1000560578,2000030117,6.9
1000560578,2000030119,6.9
1000560578,2000030167,6.7
1000560578,2000030169,6.6
1000560578,2000030259,6.5
1000560579,158694,6.5
1000560579,2000014001,6.8
1000560579,2000014002,7.0
1000560579,2000014004,7.5
1000560579,2000020065,8.8
1000560579,2000020066,6.8
1000560579,2000020067,8.7
1000560579,2000020068,7.1
1000560579,2000020069,6.5
1000560579,2000020070,7.2
1000560579,2000020071,7.9
1000560579,2000020080,6.4
1000560579,2000020082,7.2
1000560579,2000020083,6.8
1000560579,2000020084,6.6
1000560579,2000030071,6.8
1000560579,2000030072,5.3
1000560579,2000030074,6.8
1000560579,2000030076,6.2
1000560579,2000030077,6.5
1000560579,2000030078,5.7
1000560579,2000030080,6.2
1000560579,2000030081,5.7
1000560579,2000030106,6.5
1000560579,2000030128,6.4
1000560579,2000030129,6.9
1000560579,2000030130,6.0
1000560579,2000030131,6.0
1000560579,2000030134,7.6
1000560579,2000030220,7.2
1000560579,2000030225,6.3
1000560579,2000030238,6.6
1000560581,284500,6.7
1000560581,2000005001,6.8
1000560581,2000005003,7.5
1000560581,2000005004,7.0
1000560581,2000005005,6.7
1000560581,2000005006,6.8
1000560581,2000005007,6.1
1000560581,2000005008,7.8
1000560581,2000005009,7.0
1000560581,2000005012,7.9
1000560581,2000005013,6.6
1000560581,2000005014,5.9
1000560581,2000005017,7.6
1000560581,2000005019,6.1
1000560581,2000005020,6.6
1000560581,2000005024,6.6
1000560581,2000005025,6.6
1000560581,2000010001,6.5
1000560581,2000010002,6.0
1000560581,2000010003,6.8
1000560581,2000010004,7.2
1000560581,2000010005,6.4
1000560581,2000020004,6.0
1000560581,2000020005,6.4
1000560581,2000020006,6.3
1000560581,2000020007,6.3
1000560581,2000020008,6.8
1000560581,2000020009,8.5
1000560581,2000020010,6.3
1000560581,2000030207,7.0
1000560581,2000030209,6.4
1000560581,2000030210,6.7
1000560581,2000030211,6.4
