season,fixture_id,player_id,status,rating,minutes,goals,assists,yellow_cards,red_cards
2026,1000560582,2000003001,PLAYED,8.0,90,0,0,0,0
2026,1000560582,2000003002,DID_NOT_PLAY,,0,0,0,0,0
2026,1000560582,2000003004,PLAYED,7.6,90,0,0,0,0
2026,1000560582,2000003005,PLAYED,7.4,90,0,0,0,0
2026,1000560582,2000003006,PLAYED,6.7,90,0,0,0,0
2026,1000560582,2000003007,PLAYED,6.6,70,0,0,0,0
2026,1000560582,2000003008,PLAYED,6.9,80,0,0,1,0
2026,1000560582,2000003009,PLAYED,7.1,80,1,0,1,0
2026,1000560582,2000003010,PLAYED,7.7,90,0,0,0,0
2026,1000560582,2000003011,PLAYED,6.9,90,0,0,0,0
2026,1000560582,2000003012,DID_NOT_PLAY,,0,0,0,0,0
2026,1000560582,2000003014,PLAYED,6.7,19,0,0,0,0
2026,1000560582,2000003015,DID_NOT_PLAY,,0,0,0,0,0
2026,1000560582,2000003017,PLAYED,6.4,71,0,0,0,0
2026,1000560582,2000003018,DID_NOT_PLAY,,0,0,0,0,0
2026,1000560582,2000003019,PLAYED,7.3,90,0,0,0,0
2026,1000560582,2000003020,PLAYED,6.6,10,0,0,0,0
2026,1000560582,2000003021,PLAYED,6.8,20,0,0,0,0
2026,1000560582,2000003023,PLAYED,6.4,10,0,0,0,0
2026,1000560582,2000003024,DID_NOT_PLAY,,0,0,0,0,0
2026,1000560583,2000006001,PLAYED,8.6,90,0,0,0,0
2026,1000560583,2000006002,PLAYED,6.6,90,0,0,0,0
2026,1000560583,2000006003,DID_NOT_PLAY,,0,0,0,0,0
2026,1000560583,2000006005,PLAYED,7.2,90,0,0,0,0
2026,1000560583,2000006006,PLAYED,6.7,90,0,0,0,0
2026,1000560583,2000006007,PLAYED,6.5,11,0,0,0,0
2026,1000560583,2000006008,PLAYED,6.5,90,0,0,0,0
2026,1000560583,2000006009,PLAYED,6.7,76,0,0,0,0
2026,1000560583,2000006010,PLAYED,7.4,90,1,0,0,0
2026,1000560583,2000006011,PLAYED,6.4,14,0,0,0,0
2026,1000560583,2000006012,DID_NOT_PLAY,,0,0,0,0,0
2026,1000560583,2000006013,PLAYED,6.9,7,0,1,0,0
2026,1000560583,2000006014,DID_NOT_PLAY,,0,0,0,0,0
2026,1000560583,2000006016,DID_NOT_PLAY,,0,0,0,0,0
2026,1000560583,2000006017,PLAYED,7.1,90,0,0,0,0
2026,1000560583,2000006018,PLAYED,6.8,90,0,0,0,0
2026,1000560583,2000006019,DID_NOT_PLAY,,0,0,0,0,0
2026,1000560583,2000006021,PLAYED,6.2,83,0,0,0,0
2026,1000560583,2000006025,PLAYED,7.1,79,0,0,0,0
2026,1000560583,2000006026,DID_NOT_PLAY,,0,0,0,0,0
2026,1000560590,2000004001,PLAYED,6.8,90,0,0,0,0
2026,1000560590,2000004002,PLAYED,5.4,90,0,0,0,0
2026,1000560590,2000004003,PLAYED,7.0,90,0,0,0,0
2026,1000560590,2000004004,PLAYED,6.8,90,0,1,0,0
2026,1000560590,2000004005,PLAYED,6.6,74,0,0,0,0
2026,1000560590,2000004006,DID_NOT_PLAY,,0,0,0,0,0
2026,1000560590,2000004007,PLAYED,6.3,90,1,0,0,0
2026,1000560590,2000004008,PLAYED,7.9,84,1,0,0,0
2026,1000560590,2000004009,PLAYED,7.1,16,0,0,0,0
2026,1000560590,2000004011,PLAYED,8.2,90,1,0,0,0
2026,1000560590,2000004012,DID_NOT_PLAY,,0,0,0,0,0
2026,1000560590,2000004014,PLAYED,7.8,90,0,1,0,0
2026,1000560590,2000004015,PLAYED,6.6,90,0,0,0,0
2026,1000560590,2000004016,DID_NOT_PLAY,,0,0,0,0,0
2026,1000560590,2000004017,DID_NOT_PLAY,,0,0,0,0,0
2026,1000560590,2000004018,PLAYED,6.6,6,0,0,0,0
2026,1000560590,2000004019,DID_NOT_PLAY,,0,0,0,0,0
2026,1000560590,2000004020,PLAYED,9.3,90,2,1,0,0
2026,1000560590,2000004021,DID_NOT_PLAY,,0,0,0,0,0
2026,1000560590,2000004025,DID_NOT_PLAY,,0,0,0,0,0
2026,1000560591,2000005001,PLAYED,7.5,90,0,0,0,0
2026,1000560591,2000005003,PLAYED,6.8,70,0,0,0,0
2026,1000560591,2000005004,PLAYED,7.0,86,0,0,0,0
2026,1000560591,2000005005,PLAYED,6.8,90,0,0,0,0
2026,1000560591,2000005006,PLAYED,6.2,90,0,0,0,0
2026,1000560591,2000005007,PLAYED,6.1,86,0,0,0,0
2026,1000560591,2000005009,PLAYED,7.3,90,0,0,0,0
2026,1000560591,2000005010,DID_NOT_PLAY,,0,0,0,0,0
2026,1000560591,2000005011,PLAYED,6.7,90,0,0,0,0
2026,1000560591,2000005012,PLAYED,6.9,90,0,0,0,0
2026,1000560591,2000005013,PLAYED,6.6,70,0,0,0,0
2026,1000560591,2000005014,DID_NOT_PLAY,,0,0,0,0,0
2026,1000560591,2000005016,PLAYED,6.3,20,0,0,0,0
2026,1000560591,2000005019,DID_NOT_PLAY,,0,0,0,0,0
2026,1000560591,2000005020,PLAYED,6.5,90,0,0,0,0
2026,1000560591,2000005021,PLAYED,6.7,4,0,0,0,0
2026,1000560591,2000005022,PLAYED,6.0,20,0,0,0,0
2026,1000560591,2000005023,DID_NOT_PLAY,,0,0,0,0,0
2026,1000560591,2000005024,PLAYED,6.5,4,0,0,0,0
2026,1000560591,2000005025,DID_NOT_PLAY,,0,0,0,0,0
