fixture_id,club_id,player_id,name,missing_fields
1000560547,1000000402,2000030001,Caoimhin Kelleher,minutes;goals;assists;yellow_cards;red_cards
1000560547,1000000402,2000030002,Keane Lewis-Potter,minutes;assists;yellow_cards;red_cards
1000560547,1000000402,2000030003,Vitaly Janelt,minutes;assists;red_cards
1000560547,1000000402,2000030004,Michael Kayode,minutes;assists;yellow_cards;red_cards
1000560547,1000000402,2000030005,Mamadou Sangare,minutes;goals;yellow_cards;red_cards
1000560547,1000000402,2000030006,Igor Thiago,minutes;goals;assists;yellow_cards;red_cards
1000560547,1000000402,2000030007,Callum Wilson,minutes;goals;assists;yellow_cards;red_cards
1000560547,1000000402,2000030008,Aaron Hickey,minutes;goals;assists;yellow_cards;red_cards
1000560547,1000000402,2000030009,Mikkel Damsgaard,minutes;goals;assists;yellow_cards;red_cards
1000560547,1000000402,2000030010,Jaidon Anthony,minutes;goals;assists;yellow_cards;red_cards
1000560547,1000000402,2000030011,Yehor Yarmoliuk,minutes;goals;assists;yellow_cards;red_cards
1000560547,1000000402,2000030012,Dango Ouattara,minutes;goals;assists;yellow_cards;red_cards
1000560547,1000000402,2000030013,Mathias Jensen,minutes;goals;assists;yellow_cards;red_cards
1000560547,1000000402,2000030014,Nathan Collins,minutes;goals;assists;yellow_cards;red_cards
1000560547,1000000073,2000030015,Antonín Kinský,minutes;goals;assists;yellow_cards;red_cards
1000560547,1000000073,2000030016,Destiny Udogie,minutes;goals;assists;yellow_cards;red_cards
1000560547,1000000073,2000030017,Archie Gray,minutes;goals;assists;yellow_cards;red_cards
1000560547,1000000073,2000030018,Dominic Solanke,minutes;goals;assists;yellow_cards;red_cards
1000560547,1000000073,2000030019,Richarlison,minutes;goals;assists;yellow_cards;red_cards
1000560547,1000000073,2000030020,James Maddison,minutes;goals;assists;yellow_cards;red_cards
1000560547,1000000073,2000030021,Mikey Moore,minutes;goals;assists;yellow_cards;red_cards
1000560547,1000000073,2000030022,Lucas Bergvall,minutes;goals;assists;yellow_cards;red_cards
1000560547,1000000073,2000030023,Rodrigo Bentancur,minutes;goals;assists;yellow_cards;red_cards
1000560547,1000000073,2000030024,Mateus Fernandes,minutes;goals;assists;yellow_cards;red_cards
1000560547,1000000073,2000030025,Conor Gallagher,minutes;goals;assists;red_cards
1000560547,1000000073,2000030026,Marcos Senesi,minutes;goals;assists;yellow_cards;red_cards
1000560547,1000000073,2000030027,Andy Robertson,minutes;goals;assists;yellow_cards;red_cards
1000560547,1000000073,2000030028,Jan Paul van Hecke,minutes;goals;assists;yellow_cards;red_cards
1000560548,1000000065,2000004001,Gianluigi Donnarumma,minutes;goals;assists;yellow_cards;red_cards
1000560548,1000000065,2000004004,Marc Guehi,assists;yellow_cards;red_cards
1000560548,1000000065,2000004014,Josko Gvardiol,minutes;assists;yellow_cards;red_cards
1000560548,1000000065,2000004008,Rayan Cherki,minutes;goals;yellow_cards;red_cards
1000560548,1000000065,2000004022,Phil Foden,minutes;goals;assists;red_cards
1000560548,1000000065,2000030029,Jack Grealish,minutes;goals;assists;yellow_cards;red_cards
1000560548,1000000065,2000004006,Mateo Kovacic,minutes;goals;assists;yellow_cards;red_cards
1000560548,1000000065,2000004003,Elliot Anderson,minutes;goals;assists;yellow_cards;red_cards
1000560548,1000000065,2000004018,Nico O'Reilly,minutes;goals;assists;yellow_cards;red_cards
1000560548,1000000065,2000004015,Matheus Nunes,minutes;goals;assists;yellow_cards;red_cards
1000560548,1000000065,2000004025,Rico Lewis,minutes;goals;assists;yellow_cards;red_cards
1000560548,1000001044,2000030030,Đorđe Petrović,minutes;goals;assists;yellow_cards;red_cards
1000560548,1000001044,2000030031,Marcus Tavernier,minutes;assists;yellow_cards;red_cards
1000560548,1000001044,2000030032,Evanilson,minutes;goals;red_cards
1000560548,1000001044,2000030033,Rayan,minutes;goals;assists;yellow_cards;red_cards
1000560548,1000001044,2000030034,Ben Gannon-Doak,rating;minutes;goals;assists;yellow_cards;red_cards
1000560548,1000001044,2000030035,António Silva,minutes;goals;assists;red_cards
1000560548,1000001044,2000030036,Tyler Adams,minutes;goals;assists;yellow_cards;red_cards
1000560548,1000001044,2000030037,Lewis Cook,minutes;goals;assists;yellow_cards;red_cards
1000560548,1000001044,2000030038,Alex Tóth,minutes;goals;assists;yellow_cards;red_cards
1000560548,1000001044,2000030039,Justin Kluivert,minutes;goals;assists;yellow_cards;red_cards
1000560548,1000001044,2000030040,Daniel Jebbison,minutes;goals;assists;yellow_cards;red_cards
1000560549,1000000397,2000030041,Jack Hinshelwood,assists;yellow_cards;red_cards
1000560549,1000000397,2000030042,Maxim De Cuyper,minutes;assists;yellow_cards;red_cards
1000560549,1000000397,2000030043,Diego Gómez,minutes;goals;yellow_cards;red_cards
1000560549,1000000397,2000030044,Georginio Rutter,minutes;goals;yellow_cards;red_cards
1000560549,1000000397,2000030045,Lewis Dunk,minutes;goals;assists;yellow_cards;red_cards
1000560549,1000000397,2000030046,Luka Vušković,minutes;goals;assists;yellow_cards;red_cards
1000560549,1000000397,2000030047,Mats Wieffer,minutes;goals;assists;yellow_cards;red_cards
1000560549,1000000397,2000030048,Yasin Ayari,minutes;goals;assists;red_cards
1000560549,1000000397,2000030049,Pascal Groß,minutes;goals;assists;red_cards
1000560549,1000000397,2000030050,Costinha,minutes;goals;assists;yellow_cards;red_cards
1000560549,1000000397,2000030051,Charalampos Kostoulas,minutes;goals;assists;yellow_cards;red_cards
1000560549,1000000397,2000030052,Ibrahim Osman,minutes;goals;assists;yellow_cards;red_cards
1000560549,1000000397,2000030053,Zadok Yohanna,minutes;goals;assists;yellow_cards;red_cards
1000560549,1000000397,2000030054,Malick Yalcouyé,minutes;goals;assists;yellow_cards;red_cards
1000560549,1000000397,2000030055,Bart Verbruggen,minutes;goals;assists;yellow_cards;red_cards
1000560549,1000000058,2000030056,Victor Lindelöf,minutes;goals;assists;yellow_cards;red_cards
1000560549,1000000058,2000030057,João Gomes,minutes;goals;assists;yellow_cards
1000560549,1000000058,2000030058,Matty Cash,minutes;goals;assists;red_cards
1000560549,1000000058,2000030059,John McGinn,minutes;goals;assists;red_cards
1000560549,1000000058,2000030060,Alejandro Garnacho,minutes;goals;assists;yellow_cards;red_cards
1000560549,1000000058,2000030061,Emiliano Buendía,minutes;goals;assists;yellow_cards;red_cards
1000560549,1000000058,2000030062,Alysson,minutes;goals;assists;yellow_cards;red_cards
1000560549,1000000058,2000030063,Matteo Ruggeri,minutes;goals;assists;yellow_cards;red_cards
1000560549,1000000058,2000030064,Ian Maatsen,minutes;goals;assists;yellow_cards;red_cards
1000560549,1000000058,2000030065,Tyrone Mings,minutes;goals;assists;yellow_cards;red_cards
1000560549,1000000058,2000030066,Pau Torres,minutes;goals;assists;yellow_cards;red_cards
1000560549,1000000058,2000030067,Lamare Bogarde,minutes;goals;assists;yellow_cards;red_cards
1000560549,1000000058,2000030068,Ross Barkley,minutes;goals;assists;yellow_cards;red_cards
1000560549,1000000058,2000030069,Marco Bizot,minutes;goals;assists;yellow_cards;red_cards
1000560550,1000000067,2000030070,Anthony Elanga,minutes;assists;yellow_cards;red_cards
1000560550,1000000067,2000030071,Joe Willock,minutes;assists;yellow_cards;red_cards
1000560550,1000000067,2000030072,Yoane Wissa,minutes;goals;red_cards
1000560550,1000000067,2000030073,William Osula,minutes;goals;yellow_cards;red_cards
1000560550,1000000067,2000030074,Lukáš Horníček,minutes;goals;assists;red_cards
1000560550,1000000067,2000030075,Fabian Schär,rating;minutes;goals;assists;yellow_cards;red_cards
1000560550,1000000067,2000030076,Jacob Murphy,minutes;goals;assists;red_cards
1000560550,1000000067,2000030077,Aladji Bamba,minutes;goals;assists;yellow_cards;red_cards
1000560550,1000000067,2000030078,Lewis Miley,minutes;goals;assists;red_cards
1000560550,1000000067,2000030079,Jacob Ramsey,minutes;goals;assists;red_cards
1000560550,1000000067,2000030080,Sean Steur,minutes;goals;assists;yellow_cards;red_cards
1000560550,1000000067,2000030081,Amar Dedić,minutes;goals;assists;yellow_cards;red_cards
1000560550,1000000064,2000003008,Dominik Szoboszlai,minutes;assists;yellow_cards;red_cards
1000560550,1000000064,2000003011,Cody Gakpo,minutes;assists;yellow_cards;red_cards
1000560550,1000000064,2000003020,Ryan Gravenberch,minutes;goals;yellow_cards;red_cards
1000560550,1000000064,2000003004,Virgil van Dijk,minutes;goals;assists;red_cards
1000560550,1000000064,2000003023,Lewis Koumas,minutes;goals;assists;yellow_cards;red_cards
1000560550,1000000064,2000003019,Ronald Araujo,minutes;goals;assists;yellow_cards;red_cards
1000560550,1000000064,2000003005,Jeremy Jacquet,minutes;goals;assists;yellow_cards;red_cards
1000560550,1000000064,2000003010,Alexis Mac Allister,minutes;goals;assists;yellow_cards;red_cards
1000560550,1000000064,2000003007,Florian Wirtz,minutes;goals;assists;yellow_cards;red_cards
1000560550,1000000064,2000003014,Victor Munoz,minutes;goals;assists;yellow_cards;red_cards
1000560550,1000000064,2000003024,Rio Ngumoha,minutes;goals;assists;yellow_cards;red_cards
1000560550,1000000064,2000003018,Jeremie Frimpong,minutes;goals;assists;red_cards
1000560550,1000000064,2000003006,Milos Kerkez,minutes;goals;assists;red_cards
1000560550,1000000064,2000003001,Alisson Becker,minutes;goals;assists;yellow_cards;red_cards
1000560551,1000000063,2000030082,Gonzalo García,minutes;assists;yellow_cards;red_cards
1000560551,1000000063,2000030083,Joshua King,minutes;assists;yellow_cards;red_cards
1000560551,1000000063,2000030084,Timothy Castagne,minutes;goals;red_cards
1000560551,1000000063,2000030085,Rodrigo Muniz,minutes;goals;assists;yellow_cards;red_cards
1000560551,1000000063,2000030086,Antonee Robinson,minutes;goals;assists;yellow_cards;red_cards
1000560551,1000000063,2000030087,Calvin Bassey,minutes;goals;assists;red_cards
1000560551,1000000063,2000030088,Ryan Sessegnon,minutes;goals;assists;yellow_cards;red_cards
1000560551,1000000063,2000030089,Sander Berge,minutes;goals;assists;yellow_cards;red_cards
1000560551,1000000063,2000030090,Kevin,minutes;goals;assists;yellow_cards;red_cards
1000560551,1000000063,2000030091,César Palacios,minutes;goals;assists;yellow_cards;red_cards
1000560551,1000000063,2000030092,Shea Charles,minutes;goals;assists;yellow_cards;red_cards
1000560551,1000000063,2000030093,Oscar Bobb,minutes;goals;assists;yellow_cards;red_cards
1000560551,1000000061,2000005009,Cole Palmer,minutes;yellow_cards;red_cards
1000560551,1000000061,2000005012,Morgan Rogers,minutes;assists;yellow_cards;red_cards
1000560551,1000000061,2000005008,Joao Pedro,minutes;yellow_cards;red_cards
1000560551,1000000061,2000005005,Maxence Lacroix,minutes;goals;yellow_cards;red_cards
1000560551,1000000061,2000005024,Estevao,minutes;goals;assists;yellow_cards;red_cards
1000560551,1000000061,2000005016,Geovany Quenda,minutes;goals;assists;yellow_cards;red_cards
1000560551,1000000061,2000005007,Pedro Neto,minutes;goals;assists;yellow_cards;red_cards
1000560551,1000000061,2000005019,Malo Gusto,minutes;goals;assists;yellow_cards;red_cards
1000560551,1000000061,2000005017,Reece James,minutes;goals;assists;red_cards
1000560551,1000000061,2000005020,Pep Chavarria,minutes;goals;assists;yellow_cards;red_cards
1000560551,1000000061,2000005014,Jorrel Hato,minutes;goals;assists;yellow_cards;red_cards
1000560551,1000000061,2000004011,Enzo Fernandez,minutes;goals;assists;yellow_cards;red_cards
1000560551,1000000061,2000005025,Romeo Lavia,minutes;goals;assists;red_cards
1000560551,1000000061,2000005006,Levi Colwill,minutes;goals;assists;red_cards
1000560547,1000000402,2000030094,Kevin Schade,minutes;goals;assists;yellow_cards;red_cards
1000560547,1000000402,2000030095,Kristoffer Ajer,minutes;goals;assists;yellow_cards;red_cards
1000560547,1000000073,2000030100,Sandro Tonali,minutes;goals;assists;yellow_cards;red_cards
1000560547,1000000073,2000030101,Mathys Tel,minutes;goals;assists;yellow_cards;red_cards
1000560548,1000000065,2000004020,Antoine Semenyo,minutes;goals;assists;yellow_cards;red_cards
1000560548,1000000065,2000004002,Ruben Dias,minutes;goals;assists;yellow_cards;red_cards
1000560548,1000000065,2000004007,Erling Haaland,minutes;goals;assists;yellow_cards;red_cards
1000560548,1000000065,2000004021,Abdukodir Khusanov,minutes;goals;assists;yellow_cards;red_cards
1000560548,1000001044,2000030108,Adam Smith,minutes;goals;assists;yellow_cards;red_cards
1000560548,1000001044,2000030109,James Hill,minutes;goals;assists;yellow_cards;red_cards
1000560548,1000001044,2000030110,Alex Scott,minutes;goals;assists;yellow_cards;red_cards
1000560548,1000001044,2000030111,Adrien Truffert,minutes;goals;assists;yellow_cards;red_cards
1000560549,1000000397,2000030117,Olivier Boscagli,minutes;goals;assists;yellow_cards;red_cards
1000560549,1000000058,2000030122,Boubacar Kamara,minutes;goals;assists;yellow_cards;red_cards
1000560549,1000000058,2000030123,George Hemmings,minutes;goals;assists;yellow_cards;red_cards
1000560550,1000000067,2000030128,Lewis Hall,minutes;goals;assists;yellow_cards;red_cards
1000560550,1000000067,2000030129,Harvey Barnes,minutes;goals;assists;yellow_cards;red_cards
1000560550,1000000067,2000030130,Sven Botman,minutes;goals;assists;yellow_cards;red_cards
1000560550,1000000067,2000030131,Malick Thiaw,minutes;goals;assists;yellow_cards;red_cards
1000560550,1000000064,2000003009,Alexander Isak,minutes;goals;assists;yellow_cards;red_cards
1000560551,1000000063,2000030136,Alex Iwobi,minutes;goals;assists;yellow_cards;red_cards
1000560551,1000000063,2000030137,Jorge Cuenca,minutes;goals;assists;yellow_cards;red_cards
1000560551,1000000063,2000030138,Bernd Leno,minutes;goals;assists;yellow_cards;red_cards
1000560551,1000000061,2000005022,Josh Acheampong,minutes;goals;assists;yellow_cards;red_cards
1000560551,1000000061,2000030144,Robert Sánchez,minutes;goals;assists;yellow_cards;red_cards
