fixture_id,player_id,player_name,missing_fields
1000560542,2000001001,David Raya,minutes;goals;assists;yellow_cards;red_cards
1000560542,2000001003,Cristhian Mosquera,minutes;goals;assists;yellow_cards;red_cards
1000560542,2000001004,Ben White,minutes;goals;yellow_cards;red_cards
1000560542,2000001005,Piero Hincapie,minutes;goals;assists;yellow_cards;red_cards
1000560542,2000001006,Gabriel Magalhaes,minutes;goals;assists;red_cards
1000560542,2000001007,Bukayo Saka,minutes;assists;yellow_cards;red_cards
1000560542,2000001008,Martin Odegaard,minutes;assists;yellow_cards;red_cards
1000560542,2000001009,Eberechi Eze,minutes;goals;assists;yellow_cards;red_cards
1000560542,2000001014,Christos Tzolis,minutes;goals;assists;yellow_cards;red_cards
1000560542,2000001015,Noni Madueke,minutes;goals;assists;yellow_cards;red_cards
1000560542,2000001017,Mikel Merino,minutes;goals;assists;yellow_cards;red_cards
1000560542,2000001018,Kai Havertz,minutes;assists;yellow_cards;red_cards
1000560542,2000001020,Riccardo Calafiori,minutes;goals;yellow_cards;red_cards
1000560542,2000001021,Martin Zubimendi,minutes;goals;assists;yellow_cards;red_cards
1000560542,2000001023,Declan Rice,minutes;goals;assists;red_cards
1000560542,2000001024,Myles Lewis-Skelly,minutes;goals;assists;yellow_cards;red_cards
1000560542,2000002002,Jay Dasilva,minutes;goals;assists;yellow_cards;red_cards
1000560542,2000002004,Jack Rudoni,minutes;goals;assists;yellow_cards;red_cards
1000560542,2000002005,Matt Grimes,minutes;goals;assists;yellow_cards;red_cards
1000560542,2000002007,Caleb Yirenkyi,minutes;goals;assists;red_cards
1000560542,2000002008,Ellis Simms,minutes;goals;assists;yellow_cards;red_cards
1000560542,2000002013,Taiwo Awoniyi,minutes;goals;assists;yellow_cards;red_cards
1000560542,2000002014,Frank Onyeka,minutes;goals;assists;yellow_cards;red_cards
1000560542,2000002015,Loum Tchaouna,minutes;goals;assists;yellow_cards;red_cards
1000560542,2000002016,Carl Rushworth,minutes;goals;assists;yellow_cards;red_cards
1000560542,2000002020,Brandon Thomas-Asante,minutes;goals;assists;yellow_cards;red_cards
1000560542,2000002021,Aurele Amenda,minutes;goals;assists;yellow_cards;red_cards
1000560542,2000002024,Milan van Ewijk,minutes;goals;assists;yellow_cards;red_cards
1000560542,2000002026,Victor Torp,minutes;goals;assists;yellow_cards;red_cards
1000560542,2000002028,Gustavo Hamer,minutes;goals;assists;yellow_cards;red_cards
1000560543,2000006001,Senne Lammens,minutes;goals;assists;yellow_cards;red_cards
1000560543,2000006002,Diogo Dalot,minutes;goals;assists;yellow_cards;red_cards
1000560543,2000006003,Noussair Mazraoui,minutes;goals;assists;yellow_cards;red_cards
1000560543,2000006005,Harry Maguire,minutes;goals;assists;yellow_cards;red_cards
1000560543,2000006008,Bruno Fernandes,minutes;goals;assists;yellow_cards;red_cards
1000560543,2000006009,Marcus Rashford,minutes;goals;assists;yellow_cards;red_cards
1000560543,2000006010,Matheus Cunha,minutes;goals;assists;yellow_cards;red_cards
1000560543,2000006013,Patrick Dorgu,minutes;goals;assists;red_cards
1000560543,2000006016,Andrey Santos,minutes;goals;assists;yellow_cards;red_cards
1000560543,2000006017,Youri Tielemans,minutes;goals;assists;yellow_cards;red_cards
1000560543,2000006021,Luke Shaw,minutes;goals;assists;yellow_cards;red_cards
1000560543,2000006023,Ayden Heaven,minutes;goals;assists;yellow_cards;red_cards
1000560543,2000006024,Benjamin Sesko,minutes;goals;assists;yellow_cards;red_cards
1000560543,2000006025,Kobbie Mainoo,goals;assists;yellow_cards;red_cards
1000560543,2000006026,Shea Lacey,minutes;goals;assists;yellow_cards;red_cards
1000560543,2000010001,Konstantinos Tzolakis,minutes;goals;assists;yellow_cards;red_cards
1000560543,2000010002,Semi Ajayi,minutes;assists;yellow_cards;red_cards
1000560543,2000010003,Nobel Mendy,minutes;assists;yellow_cards;red_cards
1000560543,2000010004,Regan Slater,minutes;goals;yellow_cards;red_cards
1000560543,2000010005,John Egan,minutes;goals;assists;yellow_cards;red_cards
1000560543,2000020004,Lewie Coyle,minutes;goals;assists;yellow_cards;red_cards
1000560543,2000020005,Ryan Giles,minutes;goals;assists;yellow_cards;red_cards
1000560543,2000020006,Elliot Stroud,minutes;goals;assists;yellow_cards;red_cards
1000560543,2000020007,Matt Crooks,minutes;goals;assists;red_cards
1000560543,2000020008,Oli McBurnie,minutes;goals;assists;yellow_cards;red_cards
1000560543,2000020009,Mohamed Belloumi,minutes;goals;assists;yellow_cards;red_cards
1000560543,2000020010,Lucas Herrington,minutes;goals;assists;yellow_cards;red_cards
1000560543,2000020011,Paddy McNair,minutes;goals;assists;yellow_cards;red_cards
1000560543,2000020012,Cody Drameh,minutes;goals;assists;yellow_cards;red_cards
1000560543,2000020013,Liam Millar,minutes;goals;assists;red_cards
1000560543,2000020014,Matt Targett,minutes;goals;assists;yellow_cards;red_cards
1000560544,2000011001,Emersonn,minutes;assists;yellow_cards;red_cards
1000560544,2000011002,Julio Enciso,minutes;goals;yellow_cards;red_cards
1000560544,2000011003,Jack Clarke,assists;yellow_cards;red_cards
1000560544,2000011004,Saša Lukić,minutes;goals;yellow_cards;red_cards
1000560544,2000011005,Marcelino Núñez,minutes;goals;assists;yellow_cards;red_cards
1000560544,2000012001,Nilson Angulo,minutes;assists;red_cards
1000560544,2000012002,Granit Xhaka,minutes;goals;assists;yellow_cards;red_cards
1000560544,2000020019,Kjell Scherpen,minutes;goals;assists;yellow_cards;red_cards
1000560544,2000020020,Leif Davis,minutes;goals;assists;yellow_cards;red_cards
1000560544,2000020021,Jacob Greaves,minutes;goals;assists;yellow_cards;red_cards
1000560544,2000020022,Issa Diop,minutes;goals;assists;yellow_cards;red_cards
1000560544,2000020023,Dara O'Shea,minutes;goals;assists;yellow_cards;red_cards
1000560544,2000020024,Daizen Maeda,minutes;goals;assists;yellow_cards;red_cards
1000560544,2000020025,Abdul Fatawu Issahaku,minutes;goals;assists;yellow_cards;red_cards
1000560544,2000020026,Kasey McAteer,minutes;goals;assists;yellow_cards;red_cards
1000560544,2000020027,Chuba Akpom,minutes;goals;assists;yellow_cards;red_cards
1000560544,2000020028,Abdoul Ouattara,minutes;goals;assists;yellow_cards;red_cards
1000560544,2000020029,Sindre Walle Egeli,minutes;goals;assists;yellow_cards;red_cards
1000560544,2000020030,Robin Roefs,minutes;goals;assists;yellow_cards;red_cards
1000560544,2000020031,Thomas Meunier,minutes;goals;assists;yellow_cards;red_cards
1000560544,2000020032,Daniel Ballard,minutes;goals;assists;red_cards
1000560544,2000020033,Luke O'Nien,minutes;goals;assists;red_cards
1000560544,2000020034,Reinildo Mandava,minutes;goals;assists;yellow_cards;red_cards
1000560544,2000020035,Trai Hume,minutes;goals;assists;yellow_cards;red_cards
1000560544,2000020036,Noah Sadiki,minutes;goals;assists;yellow_cards;red_cards
1000560544,2000020037,Enzo Le Fée,minutes;goals;assists;yellow_cards;red_cards
1000560544,2000020038,Brian Brobbey,minutes;goals;assists;yellow_cards;red_cards
1000560544,2000020039,Chemsdine Talbi,minutes;goals;assists;yellow_cards;red_cards
1000560544,2000020040,Omar Alderete,minutes;goals;assists;yellow_cards;red_cards
1000560544,2000020041,Wilson Isidor,minutes;goals;assists;yellow_cards;red_cards
1000560544,2000020042,Chris Rigg,minutes;goals;assists;yellow_cards;red_cards
1000560544,2000020043,Habib Diarra,minutes;goals;assists;yellow_cards;red_cards
1000560545,2000013001,James McAtee,minutes;goals;assists;yellow_cards;red_cards
1000560545,2000013002,Murillo,minutes;goals;assists;yellow_cards;red_cards
1000560545,2000014001,Anton Stach,minutes;assists;yellow_cards;red_cards
1000560545,2000014002,James Trafford,minutes;goals;assists;yellow_cards;red_cards
1000560545,2000014003,Jaka Bijol,minutes;goals;assists;yellow_cards;red_cards
1000560545,2000014004,James Justin,minutes;goals;assists;yellow_cards;red_cards
1000560545,2000014005,Joe Rodon,minutes;goals;assists;yellow_cards;red_cards
1000560545,2000020052,Matz Sels,minutes;goals;assists;yellow_cards;red_cards
1000560545,2000020053,Neco Williams,minutes;goals;assists;yellow_cards;red_cards
1000560545,2000020054,Ibrahim Sangaré,minutes;goals;assists;yellow_cards;red_cards
1000560545,2000020055,Morgan Gibbs-White,minutes;goals;assists;yellow_cards;red_cards
1000560545,2000020056,Igor Jesus,minutes;goals;assists;yellow_cards;red_cards
1000560545,2000020057,Nikola Milenković,minutes;goals;assists;yellow_cards;red_cards
1000560545,2000020058,Dan Ndoye,minutes;goals;assists;yellow_cards;red_cards
1000560545,2000020059,Jair,minutes;goals;assists;red_cards
1000560545,2000020060,Ola Aina,minutes;goals;assists;red_cards
1000560545,2000020061,Chris Wood,minutes;goals;assists;yellow_cards;red_cards
1000560545,2000020062,Luca Netz,minutes;goals;assists;yellow_cards;red_cards
1000560545,2000020063,Xaver Schlager,minutes;goals;assists;yellow_cards;red_cards
1000560545,2000020064,Arnaud Kalimuendo,rating;minutes;goals;assists;yellow_cards;red_cards
1000560545,2000020065,Jayden Bogle,minutes;goals;assists;yellow_cards;red_cards
1000560545,2000020066,Harry Wilson,minutes;goals;assists;yellow_cards;red_cards
1000560545,2000020067,Dominic Calvert-Lewin,minutes;goals;assists;red_cards
1000560545,2000020068,Ethan Ampadu,minutes;goals;assists;yellow_cards;red_cards
1000560545,2000020069,Brenden Aaronson,minutes;goals;assists;yellow_cards;red_cards
1000560545,2000020070,Tarik Muharemović,minutes;goals;assists;yellow_cards;red_cards
1000560545,2000020071,Noah Okafor,minutes;goals;assists;yellow_cards;red_cards
1000560545,2000020072,Sean Longstaff,minutes;goals;assists;yellow_cards;red_cards
1000560546,2000015001,Kiernan Dewsbury-Hall,minutes;assists;yellow_cards;red_cards
1000560546,2000015002,Thierno Barry,minutes;assists;yellow_cards;red_cards
1000560546,2000015003,Iliman Ndiaye,minutes;goals;yellow_cards;red_cards
1000560546,2000015004,Harrison Armstrong,minutes;goals;yellow_cards;red_cards
1000560546,2000015005,Jarrad Branthwaite,minutes;goals;assists;yellow_cards;red_cards
1000560546,2000016001,Daichi Kamada,minutes;goals;assists;red_cards
1000560546,2000016002,Anan Khalaili,minutes;goals;assists;yellow_cards;red_cards
1000560546,2000020085,Jordan Pickford,minutes;goals;assists;yellow_cards;red_cards
1000560546,2000020086,Vitaliy Mykolenko,minutes;goals;assists;yellow_cards;red_cards
1000560546,2000020087,Tyrique George,minutes;goals;assists;yellow_cards;red_cards
1000560546,2000020088,Hayden Hackney,minutes;goals;assists;yellow_cards;red_cards
1000560546,2000020089,James Tarkowski,minutes;goals;assists;yellow_cards;red_cards
1000560546,2000020090,Merlin Röhl,minutes;goals;assists;yellow_cards;red_cards
1000560546,2000020091,James Garner,minutes;goals;assists;yellow_cards;red_cards
1000560546,2000020092,Beto,minutes;goals;assists;yellow_cards;red_cards
1000560546,2000020093,Brennan Johnson,minutes;goals;assists;yellow_cards;red_cards
1000560546,2000020094,Carlos Alcaraz,rating;minutes;goals;assists;yellow_cards;red_cards
1000560546,2000020095,Daniel Muñoz,minutes;goals;assists;yellow_cards;red_cards
1000560546,2000020096,Jaydee Canvot,minutes;goals;assists;yellow_cards;red_cards
1000560546,2000020097,Dwight McNeil,minutes;goals;assists;yellow_cards;red_cards
1000560546,2000020098,Adam Wharton,minutes;goals;assists;yellow_cards;red_cards
1000560546,2000020099,Chris Richards,minutes;goals;assists;yellow_cards;red_cards
1000560546,2000020100,Dean Henderson,minutes;goals;assists;yellow_cards;red_cards
1000560546,2000020101,Eddie Nketiah,minutes;goals;assists;yellow_cards;red_cards
1000560546,2000020102,Jean-Philippe Mateta,minutes;goals;assists;yellow_cards;red_cards
1000560546,2000020103,Tyrick Mitchell,minutes;goals;assists;yellow_cards;red_cards
1000560546,2000020104,Chadi Riad,minutes;goals;assists;yellow_cards;red_cards
1000560546,2000020105,Yéremy Pino,minutes;goals;assists;yellow_cards;red_cards
1000560546,2000020106,Jørgen Strand Larsen,minutes;goals;assists;yellow_cards;red_cards
1000560546,2000020107,Evann Guessand,minutes;goals;assists;yellow_cards;red_cards
1000560546,2000020108,Takehiro Tomiyasu,minutes;goals;assists;yellow_cards;red_cards
