player_id,club_id,field,value
2000030235,1000000066,fc27_overall,62
2000003025,1000000064,fc27_overall,63
2000004019,1000000065,fc27_overall,74
2000030232,1000000065,fc27_overall,64
2000004024,1000000065,fc27_overall,65
2000004023,1000000065,fc27_overall,66
2000030248,1000000073,fc27_overall,61
2000030174,1000000397,fc27_overall,69
2000030170,1000000397,fc27_overall,60
2000020081,1000000341,height_cm,178
2000030240,1000000067,fc27_overall,62
2000030151,1000000058,fc27_overall,61
2000030149,1000000058,fc27_overall,78
