club_id,club,roster,profiles,complete_5_fields,ovr,primary_and_eligible,fantasy_eligible
1000001044,AFC Bournemouth,26,26,26,26,26,26
1000000057,Arsenal FC,24,24,24,24,24,24
1000000058,Aston Villa FC,27,27,27,27,27,27
1000000402,Brentford FC,28,28,28,28,28,28
1000000397,Brighton & Hove Albion FC,30,30,30,30,30,30
1000000061,Chelsea FC,27,27,27,26,26,26
1000001076,Coventry City FC,30,30,29,29,29,29
1000000354,Crystal Palace FC,24,24,24,24,24,24
1000000062,Everton FC,20,20,20,20,20,20
1000000063,Fulham FC,26,26,26,26,26,26
1000000322,Hull City AFC,34,34,34,34,34,34
1000000349,Ipswich Town FC,26,26,26,26,26,26
1000000341,Leeds United FC,22,22,22,22,22,22
1000000064,Liverpool FC,31,31,31,30,31,30
1000000065,Manchester City FC,26,26,26,26,26,26
1000000066,Manchester United FC,30,30,30,30,30,30
1000000067,Newcastle United FC,28,28,28,28,28,28
1000000351,Nottingham Forest FC,24,24,24,24,24,24
1000000071,Sunderland AFC,22,22,22,22,22,22
1000000073,Tottenham Hotspur FC,29,29,29,29,29,29
