fixture_id,match_date,club,player_id,name,status
1000560589,2026-09-19,Nottingham Forest FC,2000020061,Chris Wood,PLAYED
1000560589,2026-09-19,Nottingham Forest FC,2000013001,James McAtee,PLAYED
1000560589,2026-09-19,Nottingham Forest FC,161948,Liam Delap,PLAYED
1000560589,2026-09-19,Nottingham Forest FC,2000020052,Matz Sels,PLAYED
1000560589,2026-09-19,Nottingham Forest FC,2000020055,Morgan Gibbs-White,PLAYED
1000560589,2026-09-19,Nottingham Forest FC,2000020053,Neco Williams,PLAYED
1000560589,2026-09-19,Nottingham Forest FC,2000013002,Murillo,PLAYED
1000560589,2026-09-19,Nottingham Forest FC,2000020054,Ibrahim Sangaré,PLAYED
1000560589,2026-09-19,Nottingham Forest FC,2000020095,Daniel Muñoz,PLAYED
1000560589,2026-09-19,Nottingham Forest FC,2000020063,Xaver Schlager,PLAYED
1000560589,2026-09-19,Nottingham Forest FC,2000020062,Luca Netz,PLAYED
1000560589,2026-09-19,Nottingham Forest FC,2000020058,Dan Ndoye,PLAYED
1000560589,2026-09-19,Nottingham Forest FC,2000020074,Ousmane Diomande,PLAYED
1000560589,2026-09-19,Nottingham Forest FC,2000020056,Igor Jesus,PLAYED
1000560589,2026-09-19,Nottingham Forest FC,2000020059,Jair,PLAYED
1000560589,2026-09-19,Coventry City FC,2000002003,Bobby Thomas,PLAYED
1000560589,2026-09-19,Coventry City FC,2000002008,Ellis Simms,PLAYED
1000560589,2026-09-19,Coventry City FC,2000002001,Ethan Pinnock,PLAYED
1000560589,2026-09-19,Coventry City FC,2000002014,Frank Onyeka,PLAYED
1000560589,2026-09-19,Coventry City FC,2000002005,Matt Grimes,PLAYED
1000560589,2026-09-19,Coventry City FC,2000002016,Carl Rushworth,PLAYED
1000560589,2026-09-19,Coventry City FC,2000002015,Loum Tchaouna,PLAYED
1000560589,2026-09-19,Coventry City FC,2000002011,Stephen Mfuni,PLAYED
1000560589,2026-09-19,Coventry City FC,2000002019,Joel Latibeaudiere,PLAYED
1000560589,2026-09-19,Coventry City FC,2000002002,Jay Dasilva,PLAYED
1000560589,2026-09-19,Coventry City FC,2000002020,Brandon Thomas-Asante,PLAYED
1000560589,2026-09-19,Coventry City FC,2000002004,Jack Rudoni,PLAYED
1000560589,2026-09-19,Coventry City FC,2000002009,Ephron Mason-Clark,PLAYED
1000560589,2026-09-19,Coventry City FC,2000002007,Caleb Yirenkyi,PLAYED
1000560582,2026-09-20,AFC Bournemouth,2000030108,Adam Smith,PLAYED
1000560582,2026-09-20,AFC Bournemouth,2000030040,Daniel Jebbison,PLAYED
1000560582,2026-09-20,AFC Bournemouth,2000030115,David Brooks,PLAYED
1000560582,2026-09-20,AFC Bournemouth,2000030037,Lewis Cook,PLAYED
1000560582,2026-09-20,AFC Bournemouth,2000030031,Marcus Tavernier,PLAYED
1000560582,2026-09-20,AFC Bournemouth,1125,Ryan Christie,PLAYED
1000560582,2026-09-20,AFC Bournemouth,2000030036,Tyler Adams,PLAYED
1000560582,2026-09-20,AFC Bournemouth,2000030110,Alex Scott,PLAYED
1000560582,2026-09-20,AFC Bournemouth,2000030030,Đorđe Petrović,PLAYED
1000560582,2026-09-20,AFC Bournemouth,2000030034,Ben Gannon-Doak,PLAYED
1000560582,2026-09-20,AFC Bournemouth,2000030109,James Hill,PLAYED
1000560582,2026-09-20,AFC Bournemouth,2000030032,Evanilson,PLAYED
1000560582,2026-09-20,AFC Bournemouth,2000030111,Adrien Truffert,PLAYED
1000560582,2026-09-20,AFC Bournemouth,2000030035,António Silva,PLAYED
1000560582,2026-09-20,AFC Bournemouth,2000030038,Alex Tóth,PLAYED
1000560582,2026-09-20,AFC Bournemouth,2000030033,Rayan,PLAYED
1000560583,2026-09-20,Fulham FC,2000030136,Alex Iwobi,PLAYED
1000560583,2026-09-20,Fulham FC,2000030086,Antonee Robinson,PLAYED
1000560583,2026-09-20,Fulham FC,2000030138,Bernd Leno,PLAYED
1000560583,2026-09-20,Fulham FC,2729,Joachim Andersen,PLAYED
1000560583,2026-09-20,Fulham FC,2000030089,Sander Berge,PLAYED
1000560583,2026-09-20,Fulham FC,2000030084,Timothy Castagne,PLAYED
1000560583,2026-09-20,Fulham FC,2000030087,Calvin Bassey,PLAYED
1000560583,2026-09-20,Fulham FC,2000030085,Rodrigo Muniz,PLAYED
1000560583,2026-09-20,Fulham FC,2000030093,Oscar Bobb,PLAYED
1000560583,2026-09-20,Fulham FC,2000030092,Shea Charles,PLAYED
1000560583,2026-09-20,Fulham FC,2000030083,Joshua King,PLAYED
1000560583,2026-09-20,Fulham FC,2000030082,Gonzalo García,PLAYED
1000560583,2026-09-20,Fulham FC,2000030195,Hugo Larsson,PLAYED
1000560583,2026-09-20,Fulham FC,2000030197,David Affengruber,PLAYED
1000560583,2026-09-20,Fulham FC,2000030090,Kevin,PLAYED
1000560583,2026-09-20,Fulham FC,2000030091,César Palacios,PLAYED
1000560585,2026-09-20,Leeds United FC,2000020083,Daniel James,PLAYED
1000560585,2026-09-20,Leeds United FC,2000020067,Dominic Calvert-Lewin,PLAYED
1000560585,2026-09-20,Leeds United FC,2000020068,Ethan Ampadu,PLAYED
1000560585,2026-09-20,Leeds United FC,2000014004,James Justin,PLAYED
1000560585,2026-09-20,Leeds United FC,2000014002,James Trafford,PLAYED
1000560585,2026-09-20,Leeds United FC,2000020065,Jayden Bogle,PLAYED
1000560585,2026-09-20,Leeds United FC,2000020084,Lukas Nmecha,PLAYED
1000560585,2026-09-20,Leeds United FC,2000020069,Brenden Aaronson,PLAYED
1000560585,2026-09-20,Leeds United FC,2000014001,Anton Stach,PLAYED
1000560585,2026-09-20,Leeds United FC,2000030226,Jean-Mattéo Bahoya,PLAYED
1000560585,2026-09-20,Leeds United FC,2000020080,Nico Elvedi,PLAYED
1000560585,2026-09-20,Leeds United FC,2000020071,Noah Okafor,PLAYED
1000560585,2026-09-20,Leeds United FC,2000030220,Gabriel Gudmundsson,PLAYED
1000560585,2026-09-20,Leeds United FC,2000020070,Tarik Muharemović,PLAYED
1000560585,2026-09-20,Leeds United FC,2000020082,Ao Tanaka,PLAYED
1000560585,2026-09-20,Crystal Palace FC,2000020101,Eddie Nketiah,PLAYED
1000560585,2026-09-20,Crystal Palace FC,2218,Ismaïla Sarr,PLAYED
1000560585,2026-09-20,Crystal Palace FC,2490,Jefferson Lerma,PLAYED
1000560585,2026-09-20,Crystal Palace FC,2000020108,Takehiro Tomiyasu,PLAYED
1000560585,2026-09-20,Crystal Palace FC,2000020103,Tyrick Mitchell,PLAYED
1000560585,2026-09-20,Crystal Palace FC,2000020099,Chris Richards,PLAYED
1000560585,2026-09-20,Crystal Palace FC,2000020098,Adam Wharton,PLAYED
1000560585,2026-09-20,Crystal Palace FC,2000020106,Jørgen Strand Larsen,PLAYED
1000560585,2026-09-20,Crystal Palace FC,2000020105,Yéremy Pino,PLAYED
1000560585,2026-09-20,Crystal Palace FC,2000016001,Daichi Kamada,PLAYED
1000560585,2026-09-20,Crystal Palace FC,2000020114,Walter Benítez,PLAYED
1000560585,2026-09-20,Crystal Palace FC,2000020096,Jaydee Canvot,PLAYED
1000560585,2026-09-20,Crystal Palace FC,2000030188,Quinten Timber,PLAYED
1000560585,2026-09-20,Crystal Palace FC,2000016002,Anan Khalaili,PLAYED
1000560590,2026-09-20,Sunderland AFC,2000012002,Granit Xhaka,PLAYED
1000560590,2026-09-20,Sunderland AFC,2000030103,Kevin Danso,PLAYED
1000560590,2026-09-20,Sunderland AFC,2000020038,Brian Brobbey,PLAYED
1000560590,2026-09-20,Sunderland AFC,2000020049,Nordi Mukiele,PLAYED
1000560590,2026-09-20,Sunderland AFC,2000020031,Thomas Meunier,PLAYED
1000560590,2026-09-20,Sunderland AFC,2000020037,Enzo Le Fée,PLAYED
1000560590,2026-09-20,Sunderland AFC,2000020041,Wilson Isidor,PLAYED
1000560590,2026-09-20,Sunderland AFC,2000030254,Malick Fofana,PLAYED
1000560590,2026-09-20,Sunderland AFC,2000030252,Dayann Méthalie,PLAYED
1000560590,2026-09-20,Sunderland AFC,2000020036,Noah Sadiki,PLAYED
1000560590,2026-09-20,Sunderland AFC,2000020032,Daniel Ballard,PLAYED
1000560590,2026-09-20,Sunderland AFC,2000020035,Trai Hume,PLAYED
1000560590,2026-09-20,Sunderland AFC,2000020030,Robin Roefs,PLAYED
1000560590,2026-09-20,Sunderland AFC,2000012001,Nilson Angulo,PLAYED
