player_id,club_id,name,profile_status,fc27_overall,ovr_source,primary_position,eligible_positions,position_status,missing_fields
2000020025,1000000349,Abdul Fatawu Issahaku,COMPLETE_5_FIELDS,75,EA_FC27_EXISTING_PROFILE,RM,RM|RW,VERIFIED,
2000030213,1000000349,Alex Palmer,COMPLETE_5_FIELDS,71,EA_FC27_EXISTING_PROFILE,GK,GK,VERIFIED,
2000030216,1000000349,Anis Mehmeti,COMPLETE_5_FIELDS,72,EA_FC27_EXISTING_PROFILE,CAM,CAM|LM|CM|LW,VERIFIED,
2000030215,1000000349,Azor Matusiwa,COMPLETE_5_FIELDS,75,EA_FC27_EXISTING_PROFILE,CM,CM,VERIFIED,
2000020044,1000000349,Christian Walton,COMPLETE_5_FIELDS,73,EA_FC27_EXISTING_PROFILE,GK,GK,VERIFIED,
2000020027,1000000349,Chuba Akpom,COMPLETE_5_FIELDS,71,EA_FC27_EXISTING_PROFILE,ST,ST|CAM,VERIFIED,
2000020046,1000000349,Cédric Kipré,COMPLETE_5_FIELDS,74,EA_FC27_EXISTING_PROFILE,CB,CB,VERIFIED,
2000020023,1000000349,Dara O'Shea,COMPLETE_5_FIELDS,75,EA_FC27_EXISTING_PROFILE,CB,CB,VERIFIED,
2000020045,1000000349,Darnell Furlong,COMPLETE_5_FIELDS,73,EA_FC27_EXISTING_PROFILE,RB,RB|RM,VERIFIED,
2000030214,1000000349,David Button,COMPLETE_5_FIELDS,62,EA_FC27_EXISTING_PROFILE,GK,GK,VERIFIED,
2000011001,1000000349,Emersonn,COMPLETE_5_FIELDS,74,EA_FC27_EXISTING_PROFILE,ST,ST,VERIFIED,
2000030218,1000000349,Exequiel Palacios,COMPLETE_5_FIELDS,83,EA_FC27_EXISTING_PROFILE,CM,CM,VERIFIED,
2000030217,1000000349,Florentino Ibrain Morris Luís,COMPLETE_5_FIELDS,77,EA_FC27_EXISTING_PROFILE,CM,CM,VERIFIED,
2000020022,1000000349,Issa Diop,COMPLETE_5_FIELDS,75,EA_FC27_EXISTING_PROFILE,CB,CB,VERIFIED,
2000011003,1000000349,Jack Clarke,COMPLETE_5_FIELDS,75,EA_FC27_EXISTING_PROFILE,LM,LM|LW,VERIFIED,
18397,1000000349,Jack Taylor,COMPLETE_5_FIELDS,72,EA_FC27_EXISTING_PROFILE,CM,CM|CAM,VERIFIED,
2000020021,1000000349,Jacob Greaves,COMPLETE_5_FIELDS,74,EA_FC27_EXISTING_PROFILE,CB,CB|LB,VERIFIED,
138931,1000000349,Jaden Philogene-Bidace,COMPLETE_5_FIELDS,76,EA_FC27_EXISTING_PROFILE,LM,LM|RM|LW|RW,VERIFIED,
2000011002,1000000349,Julio Enciso,COMPLETE_5_FIELDS,78,EA_FC27_EXISTING_PROFILE,CAM,CAM|ST,VERIFIED,
2000020026,1000000349,Kasey McAteer,COMPLETE_5_FIELDS,71,EA_FC27_EXISTING_PROFILE,RM,RM|RW|CAM|CM,VERIFIED,
2000020019,1000000349,Kjell Scherpen,COMPLETE_5_FIELDS,76,EA_FC27_EXISTING_PROFILE,GK,GK,VERIFIED,
2000020020,1000000349,Leif Davis,COMPLETE_5_FIELDS,75,EA_FC27_EXISTING_PROFILE,LB,LB|LM,VERIFIED,
2000011005,1000000349,Marcelino Núñez,COMPLETE_5_FIELDS,73,EA_FC27_EXISTING_PROFILE,CAM,CAM|CM,VERIFIED,
2000011004,1000000349,Saša Lukić,COMPLETE_5_FIELDS,78,EA_FC27_EXISTING_PROFILE,CM,CM,VERIFIED,
2000020029,1000000349,Sindre Walle Egeli,COMPLETE_5_FIELDS,70,EA_FC27_EXISTING_PROFILE,RM,RM|RW,VERIFIED,
2000030219,1000000349,Zian Flemming,COMPLETE_5_FIELDS,76,EA_FC27_EXISTING_PROFILE,ST,ST,VERIFIED,
2000020038,1000000071,Brian Brobbey,COMPLETE_5_FIELDS,78,EA_FC27_EXISTING_PROFILE,ST,ST,VERIFIED,
2000020039,1000000071,Chemsdine Talbi,COMPLETE_5_FIELDS,77,EA_FC27_EXISTING_PROFILE,RM,RM|LM|RW|LW,VERIFIED,
2000020042,1000000071,Chris Rigg,COMPLETE_5_FIELDS,74,EA_FC27_EXISTING_PROFILE,CAM,CAM|RM|CM,VERIFIED,
2000020032,1000000071,Daniel Ballard,COMPLETE_5_FIELDS,78,EA_FC27_EXISTING_PROFILE,CB,CB,VERIFIED,
2000030252,1000000071,Dayann Méthalie,COMPLETE_5_FIELDS,75,EA_FC27_EXISTING_PROFILE,LB,LB|LM,VERIFIED,
2000020037,1000000071,Enzo Le Fée,COMPLETE_5_FIELDS,80,EA_FC27_EXISTING_PROFILE,CAM,CAM|LM|CM|LW,VERIFIED,
2000012002,1000000071,Granit Xhaka,COMPLETE_5_FIELDS,85,EA_FC27_EXISTING_PROFILE,CM,CM,VERIFIED,
2000020043,1000000071,Habib Diarra,COMPLETE_5_FIELDS,77,EA_FC27_EXISTING_PROFILE,CM,CM|CAM,VERIFIED,
2000020050,1000000071,Jocelin Ta Bi,COMPLETE_5_FIELDS,69,EA_FC27_EXISTING_PROFILE,RM,RM|RW,VERIFIED,
2000030255,1000000071,Juan Angulo,COMPLETE_5_FIELDS,62,EA_FC27_EXISTING_PROFILE,ST,ST,VERIFIED,
2000030253,1000000071,Jules Ahoka,COMPLETE_5_FIELDS,61,EA_FC27_EXISTING_PROFILE,CM,CM,VERIFIED,
2000030103,1000000071,Kevin Danso,COMPLETE_5_FIELDS,79,EA_FC27_EXISTING_PROFILE,CB,CB,VERIFIED,
2000030254,1000000071,Malick Fofana,COMPLETE_5_FIELDS,77,EA_FC27_EXISTING_PROFILE,LM,LM|LW,VERIFIED,
2000020048,1000000071,Melker Ellborg,COMPLETE_5_FIELDS,68,EA_FC27_EXISTING_PROFILE,GK,GK,VERIFIED,
2000012001,1000000071,Nilson Angulo,COMPLETE_5_FIELDS,73,EA_FC27_EXISTING_PROFILE,LM,LM|RM|LW|RW,VERIFIED,
2000020036,1000000071,Noah Sadiki,COMPLETE_5_FIELDS,80,EA_FC27_EXISTING_PROFILE,CM,CM|CAM,VERIFIED,
2000020049,1000000071,Nordi Mukiele,COMPLETE_5_FIELDS,81,EA_FC27_EXISTING_PROFILE,RB,RB|CB|CM,VERIFIED,
2000020040,1000000071,Omar Alderete,COMPLETE_5_FIELDS,81,EA_FC27_EXISTING_PROFILE,CB,CB,VERIFIED,
2000020034,1000000071,Reinildo Mandava,COMPLETE_5_FIELDS,80,EA_FC27_EXISTING_PROFILE,LB,LB,VERIFIED,
2000020030,1000000071,Robin Roefs,COMPLETE_5_FIELDS,81,EA_FC27_EXISTING_PROFILE,GK,GK,VERIFIED,
2000020031,1000000071,Thomas Meunier,COMPLETE_5_FIELDS,78,EA_FC27_EXISTING_PROFILE,RB,RB|RM,VERIFIED,
2000020041,1000000071,Wilson Isidor,COMPLETE_5_FIELDS,75,EA_FC27_EXISTING_PROFILE,ST,ST,VERIFIED,
