club_id,season_year,manager_name,manager_status,stadium_name,verified_on
1000001044,2026,Marco Rose,PERMANENT,Vitality Stadium,2026-10-04
1000000057,2026,Mikel Arteta,PERMANENT,Emirates Stadium,2026-10-04
1000000058,2026,Unai Emery,PERMANENT,Villa Park,2026-10-04
1000000402,2026,Keith Andrews,PERMANENT,Gtech Community Stadium,2026-10-04
1000000397,2026,Fabian Hurzeler,PERMANENT,American Express Stadium,2026-10-04
1000000061,2026,Xabi Alonso,PERMANENT,Stamford Bridge,2026-10-04
1000001076,2026,Frank Lampard,PERMANENT,Coventry Building Society Arena,2026-10-04
1000000354,2026,Pierre Sage,PERMANENT,Selhurst Park,2026-10-04
1000000062,2026,David Moyes,PERMANENT,Hill Dickinson Stadium,2026-10-04
1000000063,2026,Álvaro Arbeloa,PERMANENT,Craven Cottage,2026-10-04
1000000322,2026,,,MKM Stadium,2026-10-04
1000000349,2026,Gary O'Neil,PERMANENT,Portman Road,2026-10-04
1000000341,2026,Daniel Farke,PERMANENT,Elland Road,2026-10-04
1000000064,2026,Andoni Iraola,PERMANENT,Anfield,2026-10-04
1000000065,2026,Enzo Maresca,PERMANENT,Etihad Stadium,2026-10-04
1000000066,2026,Michael Carrick,PERMANENT,Old Trafford,2026-10-04
1000000067,2026,Matthias Jaissle,PERMANENT,St James' Park,2026-10-04
1000000351,2026,Oliver Glasner,PERMANENT,City Ground,2026-10-04
1000000071,2026,Régis Le Bris,PERMANENT,Stadium of Light,2026-10-04
1000000073,2026,Roberto De Zerbi,PERMANENT,Tottenham Hotspur Stadium,2026-10-04
