fixture_id,club,player_id,name,rating,image_note
1000560561,Coventry City FC,2000002003,Bobby Thomas,7.2,User image
1000560561,Coventry City FC,2000002005,Matt Grimes,6.8,User image
1000560561,Coventry City FC,2000002013,Taiwo Awoniyi,6.9,User image
1000560561,Coventry City FC,2000002016,Carl Rushworth,6.3,User image
1000560561,Coventry City FC,2000002021,Aurele Amenda,7.0,User image
1000560561,Coventry City FC,2000002015,Loum Tchaouna,7.1,User image
1000560561,Coventry City FC,2000002024,Milan van Ewijk,6.6,User image
1000560561,Coventry City FC,2000002002,Jay Dasilva,7.0,User image
1000560561,Coventry City FC,2000002004,Jack Rudoni,6.5,User image
1000560561,Coventry City FC,2000002009,Ephron Mason-Clark,6.5,User image
1000560561,Coventry City FC,2000002007,Caleb Yirenkyi,7.0,User image
1000560561,Coventry City FC,2000002001,Ethan Pinnock,6.4,User image
1000560561,Coventry City FC,2000002006,Tatsuhiro Sakamoto,6.6,User image
1000560561,Coventry City FC,2000002008,Ellis Simms,,Did not play
1000560561,Coventry City FC,2000020002,Liam Kitching,,Did not play
1000560561,Coventry City FC,2000002019,Joel Latibeaudiere,,Did not play
1000560561,Coventry City FC,2000002020,Brandon Thomas-Asante,6.4,User image
1000560561,Coventry City FC,2000002022,Dan Bentley,,Did not play
1000560561,Coventry City FC,2000002026,Victor Torp,6.3,User image
1000560561,Coventry City FC,2000002028,Gustavo Hamer,6.4,User image
1000560561,Hull City AFC,2000010005,John Egan,7.3,User image
1000560561,Hull City AFC,2000020008,Oli McBurnie,6.4,User image
1000560561,Hull City AFC,2000010004,Regan Slater,6.6,User image
1000560561,Hull City AFC,2000020005,Ryan Giles,7.0,User image
1000560561,Hull City AFC,2000010002,Semi Ajayi,7.2,User image
1000560561,Hull City AFC,2000010003,Nobel Mendy,7.3,User image
1000560561,Hull City AFC,2000010001,Konstantinos Tzolakis,8.2,User image
1000560561,Hull City AFC,2000030206,Hidemasa Morita,6.8,User image
1000560561,Hull City AFC,2000020004,Lewie Coyle,6.8,User image
1000560561,Hull City AFC,2000020009,Mohamed Belloumi,6.7,User image
1000560561,Hull City AFC,2000020006,Elliot Stroud,6.3,User image
1000560561,Hull City AFC,2000020013,Liam Millar,7.6,User image
1000560561,Hull City AFC,2000020015,Dillon Phillips,,Did not play
1000560561,Hull City AFC,2000020018,Jens Hjertø-Dahl,,Did not play
1000560561,Hull City AFC,2000020011,Paddy McNair,,Did not play
1000560561,Hull City AFC,2000020012,Cody Drameh,6.8,User image
1000560561,Hull City AFC,2000020010,Lucas Herrington,6.7,User image
1000560561,Hull City AFC,2000020014,Matt Targett,,Did not play
1000560561,Hull City AFC,2000020016,Lucas Gourna-Douath,6.8,User image
1000560561,Hull City AFC,2000030207,Mohamed-Ali Cho,6.5,User image
1000560554,Sunderland AFC,2000012002,Granit Xhaka,8.4,User image
1000560554,Sunderland AFC,2000020034,Reinildo Mandava,7.2,User image
1000560554,Sunderland AFC,2000020038,Brian Brobbey,6.8,User image
1000560554,Sunderland AFC,2000020049,Nordi Mukiele,8.1,User image
1000560554,Sunderland AFC,2000020031,Thomas Meunier,6.8,User image
1000560554,Sunderland AFC,2000020037,Enzo Le Fée,6.9,User image
1000560554,Sunderland AFC,2000020036,Noah Sadiki,7.2,User image
1000560554,Sunderland AFC,2000020032,Daniel Ballard,7.2,User image
1000560554,Sunderland AFC,2000020035,Trai Hume,6.8,User image
1000560554,Sunderland AFC,2000020030,Robin Roefs,8.7,User image
1000560554,Sunderland AFC,2000012001,Nilson Angulo,8.9,User image
1000560554,Sunderland AFC,2000020039,Chemsdine Talbi,,Did not play
1000560554,Sunderland AFC,2000020042,Chris Rigg,6.5,User image
1000560554,Sunderland AFC,2000020033,Luke O'Nien,,Did not play
1000560554,Sunderland AFC,2000020051,Romaine Mundle,,User image: no visible rating
1000560554,Sunderland AFC,2000020040,Omar Alderete,,Did not play
1000560554,Sunderland AFC,2000020041,Wilson Isidor,7.3,User image
1000560554,Sunderland AFC,2000020043,Habib Diarra,7.0,User image
1000560554,Sunderland AFC,2000030253,Jules Ahoka,,Did not play
1000560554,Sunderland AFC,2000020048,Melker Ellborg,,Did not play
1000560554,Fulham FC,2000030136,Alex Iwobi,6.5,User image
1000560554,Fulham FC,2000030086,Antonee Robinson,6.4,User image
1000560554,Fulham FC,2000030138,Bernd Leno,5.9,User image
1000560554,Fulham FC,2729,Joachim Andersen,6.8,User image
1000560554,Fulham FC,2000030089,Sander Berge,6.3,User image
1000560554,Fulham FC,2000030084,Timothy Castagne,6.8,User image
1000560554,Fulham FC,2000030087,Calvin Bassey,6.9,User image
1000560554,Fulham FC,2000030093,Oscar Bobb,6.4,User image
1000560554,Fulham FC,2000030083,Joshua King,5.8,User image
1000560554,Fulham FC,2000030082,Gonzalo García,6.4,User image
1000560554,Fulham FC,2000030091,César Palacios,6.5,User image
1000560554,Fulham FC,2000030137,Jorge Cuenca,,Did not play
1000560554,Fulham FC,2000030143,Harrison Reed,,Did not play
1000560554,Fulham FC,2000030085,Rodrigo Muniz,,Did not play
1000560554,Fulham FC,2000030090,Kevin,6.5,User image
1000560554,Fulham FC,2000030092,Shea Charles,6.5,User image
1000560554,Fulham FC,2000030139,Benjamin Lecomte,,Did not play
1000560554,Fulham FC,2000030088,Ryan Sessegnon,6.8,User image
1000560554,Fulham FC,2000030142,Emile Smith Rowe,6.5,User image
1000560554,Fulham FC,2000030194,Macaulay Zepa,,Did not play
1000560556,Chelsea FC,2000005009,Cole Palmer,7.8,User image
1000560556,Chelsea FC,2000005001,Emiliano Martinez,8.1,User image
1000560556,Chelsea FC,2000005008,Joao Pedro,8.3,User image
1000560556,Chelsea FC,2000005012,Morgan Rogers,8.0,User image
1000560556,Chelsea FC,2000005007,Pedro Neto,8.1,User image
1000560556,Chelsea FC,2000005025,Romeo Lavia,7.5,User image
1000560556,Chelsea FC,2000005003,Wesley Fofana,6.4,User image
1000560556,Chelsea FC,2000005019,Malo Gusto,6.4,User image
1000560556,Chelsea FC,2000005006,Levi Colwill,6.3,User image
1000560556,Chelsea FC,2000005005,Maxence Lacroix,6.2,User image
1000560556,Chelsea FC,2000005014,Jorrel Hato,7.0,User image
1000560556,Chelsea FC,2000005004,Valentin Barco,6.2,User image
1000560556,Chelsea FC,2000005010,Jamie Bynoe-Gittens,,Did not play
1000560556,Chelsea FC,2000005013,Danny Welbeck,,Did not play
1000560556,Chelsea FC,2000005017,Reece James,6.2,User image
1000560556,Chelsea FC,2000005018,Moises Caicedo,6.6,User image
1000560556,Chelsea FC,2000005020,Pep Chavarria,6.4,User image
1000560556,Chelsea FC,2000005022,Josh Acheampong,6.3,User image
1000560556,Chelsea FC,2000005023,Mike Penders,,Did not play
1000560556,Chelsea FC,2000005024,Estevao,,Did not play
1000560556,Brighton & Hove Albion FC,2000030045,Lewis Dunk,6.1,User image
1000560556,Brighton & Hove Albion FC,2000030049,Pascal Groß,7.4,User image
1000560556,Brighton & Hove Albion FC,2000030055,Bart Verbruggen,5.2,User image
1000560556,Brighton & Hove Albion FC,2000030047,Mats Wieffer,7.4,User image
1000560556,Brighton & Hove Albion FC,2000030054,Malick Yalcouyé,7.5,User image
1000560556,Brighton & Hove Albion FC,2000030167,Ferdi Kadıoğlu,5.6,User image
1000560556,Brighton & Hove Albion FC,2000030043,Diego Gómez,6.1,User image
1000560556,Brighton & Hove Albion FC,2000030117,Olivier Boscagli,6.8,User image
1000560556,Brighton & Hove Albion FC,2000030042,Maxim De Cuyper,6.3,User image
1000560556,Brighton & Hove Albion FC,2000030046,Luka Vušković,6.6,User image
1000560556,Brighton & Hove Albion FC,2000030051,Charalampos Kostoulas,6.5,User image
1000560556,Brighton & Hove Albion FC,2000030119,Pascal Struijk,,Did not play
1000560556,Brighton & Hove Albion FC,2000030173,Jaouen Hadjam,,Did not play
1000560556,Brighton & Hove Albion FC,2000030121,Promise David,6.4,User image
1000560556,Brighton & Hove Albion FC,2000030052,Ibrahim Osman,6.6,User image
1000560556,Brighton & Hove Albion FC,2000030050,Costinha,6.5,User image
1000560556,Brighton & Hove Albion FC,2000030257,Amario Cozier-Duberry,,Did not play
1000560556,Brighton & Hove Albion FC,2000030118,Jason Steele,,Did not play
1000560556,Brighton & Hove Albion FC,2000030169,Matt O'Riley,,Did not play
1000560556,Brighton & Hove Albion FC,2000030170,Nehemiah Oriola,,Did not play
1000560559,Leeds United FC,2000020067,Dominic Calvert-Lewin,7.2,User image
1000560559,Leeds United FC,2000020068,Ethan Ampadu,7.2,User image
1000560559,Leeds United FC,2000014004,James Justin,7.0,User image
1000560559,Leeds United FC,2000014002,James Trafford,6.8,User image
1000560559,Leeds United FC,2000020065,Jayden Bogle,7.0,User image
1000560559,Leeds United FC,2000014005,Joe Rodon,6.7,User image
1000560559,Leeds United FC,2000020069,Brenden Aaronson,6.5,User image
1000560559,Leeds United FC,2000014001,Anton Stach,6.9,User image
1000560559,Leeds United FC,2000014003,Jaka Bijol,6.4,User image
1000560559,Leeds United FC,2000020071,Noah Okafor,6.9,User image
1000560559,Leeds United FC,2000020070,Tarik Muharemović,7.1,User image
1000560559,Leeds United FC,2000030220,Gabriel Gudmundsson,,Did not play
1000560559,Leeds United FC,2000020083,Daniel James,6.6,User image
1000560559,Leeds United FC,2000020072,Sean Longstaff,,Did not play
1000560559,Leeds United FC,2000020066,Harry Wilson,7.1,User image
1000560559,Leeds United FC,2000020084,Lukas Nmecha,6.6,User image
1000560559,Leeds United FC,2000030223,Alex Cairns,,Did not play
1000560559,Leeds United FC,2000020082,Ao Tanaka,6.9,User image
1000560559,Leeds United FC,2000030258,Wilfried Gnonto,,Did not play
1000560559,Leeds United FC,2000020080,Nico Elvedi,6.5,User image
1000560559,Brentford FC,2000030001,Caoimhin Kelleher,6.9,User image
1000560559,Brentford FC,2000030095,Kristoffer Ajer,6.8,User image
1000560559,Brentford FC,2000030014,Nathan Collins,6.5,User image
1000560559,Brentford FC,2000030003,Vitaly Janelt,6.9,User image
1000560559,Brentford FC,2000030094,Kevin Schade,7.2,User image
1000560559,Brentford FC,2000030009,Mikkel Damsgaard,7.2,User image
1000560559,Brentford FC,2000030002,Keane Lewis-Potter,6.7,User image
1000560559,Brentford FC,2000030010,Jaidon Anthony,6.4,User image
1000560559,Brentford FC,2000030006,Igor Thiago,6.3,User image
1000560559,Brentford FC,2000030004,Michael Kayode,6.9,User image
1000560559,Brentford FC,2000030005,Mamadou Sangare,6.8,User image
1000560559,Brentford FC,2000030008,Aaron Hickey,,User image: no visible rating
1000560559,Brentford FC,2000030097,Rico Henry,,User image: no visible rating
1000560559,Brentford FC,2000030011,Yehor Yarmoliuk,6.3,User image
1000560559,Brentford FC,2000030012,Dango Ouattara,7.4,User image
1000560559,Brentford FC,2000030096,Hákon Rafn Valdimarsson,,Did not play
1000560559,Brentford FC,2000030007,Callum Wilson,,User image: no visible rating
1000560559,Brentford FC,153066,Fabio Carvalho,,Did not play
1000560559,Brentford FC,2000030163,El Hadji Malick Diouf,,Did not play
1000560559,Brentford FC,2000030099,Jannik Schuster,,Did not play
1000560557,Aston Villa FC,2000030061,Emiliano Buendía,6.5,User image
1000560557,Aston Villa FC,2000030064,Ian Maatsen,5.7,User image
1000560557,Aston Villa FC,2000030059,John McGinn,6.0,User image
1000560557,Aston Villa FC,2000030058,Matty Cash,7.0,User image
1000560557,Aston Villa FC,2000030068,Ross Barkley,7.2,User image
1000560557,Aston Villa FC,2000030056,Victor Lindelöf,6.9,User image
1000560557,Aston Villa FC,2000030122,Boubacar Kamara,6.8,User image
1000560557,Aston Villa FC,2000030066,Pau Torres,6.5,User image
1000560557,Aston Villa FC,283058,Nicolas Jackson,7.0,User image
1000560557,Aston Villa FC,2000030124,Zion Suzuki,6.5,User image
1000560557,Aston Villa FC,2000030123,George Hemmings,6.2,User image
1000560557,Aston Villa FC,2000030065,Tyrone Mings,,Did not play
1000560557,Aston Villa FC,2000030063,Matteo Ruggeri,,Did not play
1000560557,Aston Villa FC,2000030060,Alejandro Garnacho,6.5,User image
1000560557,Aston Villa FC,2000030147,Tammy Abraham,6.5,User image
1000560557,Aston Villa FC,2000030067,Lamare Bogarde,,Did not play
1000560557,Aston Villa FC,18846,Aaron Wan-Bissaka,6.8,User image
1000560557,Aston Villa FC,2000030069,Marco Bizot,,Did not play
1000560557,Aston Villa FC,2000030062,Alysson,6.6,User image
1000560557,Aston Villa FC,2000030127,Luka Lynch,,Did not play
1000560557,Arsenal FC,2000001004,Ben White,7.1,User image
1000560557,Arsenal FC,2000001007,Bukayo Saka,7.8,User image
1000560557,Arsenal FC,2000001014,Christos Tzolis,6.1,User image
1000560557,Arsenal FC,2000001001,David Raya,6.8,User image
1000560557,Arsenal FC,2000001023,Declan Rice,7.3,User image
1000560557,Arsenal FC,2000001006,Gabriel Magalhaes,7.2,User image
1000560557,Arsenal FC,2000001018,Kai Havertz,6.1,User image
1000560557,Arsenal FC,2000001008,Martin Odegaard,6.9,User image
1000560557,Arsenal FC,2000001024,Myles Lewis-Skelly,7.3,User image
1000560557,Arsenal FC,2000001003,Cristhian Mosquera,6.8,User image
1000560557,Arsenal FC,2000001020,Riccardo Calafiori,7.9,User image
1000560557,Arsenal FC,2000001005,Piero Hincapie,,Did not play
1000560557,Arsenal FC,2000001009,Eberechi Eze,6.5,User image
1000560557,Arsenal FC,2000001011,Kepa Arrizabalaga,,Did not play
1000560557,Arsenal FC,2000001012,Viktor Gyokeres,,Did not play
1000560557,Arsenal FC,2000001013,Ezri Konsa,6.7,User image
1000560557,Arsenal FC,2000001015,Noni Madueke,,Did not play
1000560557,Arsenal FC,2000001017,Mikel Merino,7.1,User image
1000560557,Arsenal FC,2000001021,Martin Zubimendi,6.7,User image
1000560557,Arsenal FC,2000001022,Bruno Guimaraes,6.5,User image
