fixture_id,club,player_id,name,field
1000560558,Tottenham Hotspur FC,2000030027,Andy Robertson,rating
1000560558,Tottenham Hotspur FC,2000030028,Jan Paul van Hecke,rating
1000560558,Tottenham Hotspur FC,47519,Pedro Porro,rating
1000560558,Tottenham Hotspur FC,2000030100,Sandro Tonali,rating
1000560558,Tottenham Hotspur FC,152849,Micky van de Ven,rating
1000560558,Tottenham Hotspur FC,2000030023,Rodrigo Bentancur,rating
1000560558,Tottenham Hotspur FC,2000030017,Archie Gray,rating
1000560558,Tottenham Hotspur FC,2000030024,Mateus Fernandes,rating
1000560558,Tottenham Hotspur FC,2000030015,Antonín Kinský,rating
1000560558,Tottenham Hotspur FC,2000030107,Omar Marmoush,rating
1000560558,Tottenham Hotspur FC,2000030101,Mathys Tel,rating
1000560558,Tottenham Hotspur FC,2000030016,Destiny Udogie,rating
1000560558,Tottenham Hotspur FC,2000030018,Dominic Solanke,rating
1000560558,Tottenham Hotspur FC,15911,Mohammed Kudus,rating
1000560558,Tottenham Hotspur FC,2000030021,Mikey Moore,rating
1000560558,Newcastle United FC,2000030070,Anthony Elanga,rating
1000560558,Newcastle United FC,2000030129,Harvey Barnes,rating
1000560558,Newcastle United FC,2000030071,Joe Willock,rating
1000560558,Newcastle United FC,2000030072,Yoane Wissa,rating
1000560558,Newcastle United FC,2000030130,Sven Botman,rating
1000560558,Newcastle United FC,2000030128,Lewis Hall,rating
1000560558,Newcastle United FC,2000030078,Lewis Miley,rating
1000560558,Newcastle United FC,2000030106,Nico González,rating
1000560558,Newcastle United FC,2000030131,Malick Thiaw,rating
1000560558,Newcastle United FC,2000030081,Amar Dedić,rating
1000560558,Newcastle United FC,2000030074,Lukáš Horníček,rating
1000560558,Newcastle United FC,2000030080,Sean Steur,rating
1000560558,Newcastle United FC,2000030134,Bazoumana Touré,rating
1000560558,Newcastle United FC,2000030076,Jacob Murphy,rating
1000560558,Newcastle United FC,2000030135,Nick Woltemade,rating
1000560558,Newcastle United FC,2000030079,Jacob Ramsey,rating
1000560560,AFC Bournemouth,2000030108,Adam Smith,rating
1000560560,AFC Bournemouth,2000030037,Lewis Cook,rating
1000560560,AFC Bournemouth,2000030031,Marcus Tavernier,rating
1000560560,AFC Bournemouth,2000030110,Alex Scott,rating
1000560560,AFC Bournemouth,2000030039,Justin Kluivert,rating
1000560560,AFC Bournemouth,2000030030,Đorđe Petrović,rating
1000560560,AFC Bournemouth,2000030109,James Hill,rating
1000560560,AFC Bournemouth,2000030032,Evanilson,rating
1000560560,AFC Bournemouth,2000030111,Adrien Truffert,rating
1000560560,AFC Bournemouth,2000030035,António Silva,rating
1000560560,AFC Bournemouth,2000030033,Rayan,rating
1000560560,AFC Bournemouth,2000030115,David Brooks,rating
1000560560,AFC Bournemouth,1125,Ryan Christie,rating
1000560560,AFC Bournemouth,2000030036,Tyler Adams,rating
1000560560,AFC Bournemouth,2000030116,Álvaro Rodriguez,rating
1000560560,Everton FC,2000015003,Iliman Ndiaye,rating
1000560560,Everton FC,2000020091,James Garner,rating
1000560560,Everton FC,2000020089,James Tarkowski,rating
1000560560,Everton FC,2000015005,Jarrad Branthwaite,rating
1000560560,Everton FC,2000020085,Jordan Pickford,rating
1000560560,Everton FC,2000020086,Vitaliy Mykolenko,rating
1000560560,Everton FC,2000015001,Kiernan Dewsbury-Hall,rating
1000560560,Everton FC,2000020087,Tyrique George,rating
1000560560,Everton FC,2000015004,Harrison Armstrong,rating
1000560560,Everton FC,2000015002,Thierno Barry,rating
1000560560,Everton FC,2000020090,Merlin Röhl,rating
1000560560,Everton FC,2000020092,Beto,rating
1000560560,Everton FC,2000020093,Brennan Johnson,rating
1000560560,Everton FC,2000020094,Carlos Alcaraz,rating
1000560560,Everton FC,2000020088,Hayden Hackney,rating
1000560560,Everton FC,284500,Tim Iroegbunam,rating
1000560553,Manchester United FC,2000006008,Bruno Fernandes,rating
1000560553,Manchester United FC,2000006018,Bryan Mbeumo,rating
1000560553,Manchester United FC,2000006002,Diogo Dalot,rating
1000560553,Manchester United FC,2000006005,Harry Maguire,rating
1000560553,Manchester United FC,2000006021,Luke Shaw,rating
1000560553,Manchester United FC,2000006009,Marcus Rashford,rating
1000560553,Manchester United FC,2000006017,Youri Tielemans,rating
1000560553,Manchester United FC,2000006006,Lisandro Martinez,rating
1000560553,Manchester United FC,2000006010,Matheus Cunha,rating
1000560553,Manchester United FC,2000006025,Kobbie Mainoo,rating
1000560553,Manchester United FC,2000006001,Senne Lammens,rating
1000560553,Manchester United FC,2000006003,Noussair Mazraoui,rating
1000560553,Manchester United FC,2000006013,Patrick Dorgu,rating
1000560553,Manchester United FC,2000006014,Leny Yoro,rating
1000560553,Manchester United FC,2000006016,Andrey Santos,rating
1000560553,Manchester United FC,2000006024,Benjamin Sesko,rating
1000560553,Ipswich Town FC,2000020023,Dara O'Shea,rating
1000560553,Ipswich Town FC,2000020022,Issa Diop,rating
1000560553,Ipswich Town FC,2000020019,Kjell Scherpen,rating
1000560553,Ipswich Town FC,2000020020,Leif Davis,rating
1000560553,Ipswich Town FC,2000011002,Julio Enciso,rating
1000560553,Ipswich Town FC,2000011004,Saša Lukić,rating
1000560553,Ipswich Town FC,2000020025,Abdul Fatawu Issahaku,rating
1000560553,Ipswich Town FC,2000011005,Marcelino Núñez,rating
1000560553,Ipswich Town FC,2000020021,Jacob Greaves,rating
1000560553,Ipswich Town FC,2000020024,Daizen Maeda,rating
1000560553,Ipswich Town FC,2000011001,Emersonn,rating
1000560553,Ipswich Town FC,2000020045,Darnell Furlong,rating
1000560553,Ipswich Town FC,2000020026,Kasey McAteer,rating
1000560553,Ipswich Town FC,2000030218,Exequiel Palacios,rating
1000560553,Ipswich Town FC,2000020027,Chuba Akpom,rating
1000560553,Ipswich Town FC,2000020028,Abdoul Ouattara,rating
